{"objects": {"icons/icon_16x16.png": {"hash": "bdf48ef6b5d0d23bbb02e17d04865216179f510a", "size": 3665}, "icons/icon_32x32.png": {"hash": "92750c5f93c312ba9ab413d546f32190c56d6f1f", "size": 5362}, "icons/minecraft.icns": {"hash": "991b421dfd401f115241601b2b373140a8d78572", "size": 114786}, "minecraft/icons/icon_16x16.png": {"hash": "bdf48ef6b5d0d23bbb02e17d04865216179f510a", "size": 3665}, "minecraft/icons/icon_32x32.png": {"hash": "92750c5f93c312ba9ab413d546f32190c56d6f1f", "size": 5362}, "minecraft/icons/minecraft.icns": {"hash": "991b421dfd401f115241601b2b373140a8d78572", "size": 114786}, "minecraft/lang/af_ZA.lang": {"hash": "913dac82b2c852eb1b6f371fe14456901386cd13", "size": 71178}, "minecraft/lang/ar_SA.lang": {"hash": "2e51504c234ea51b194ddf26871d20ed457483ec", "size": 86496}, "minecraft/lang/ast_ES.lang": {"hash": "fc2139572f55c973aedc694b8d633f2a4eb0907a", "size": 72927}, "minecraft/lang/az_AZ.lang": {"hash": "7dbc8bd8dc11c8011b38a682f8a127340634f02c", "size": 66528}, "minecraft/lang/bg_BG.lang": {"hash": "1f8e5f3b70b781bbf6c2ebca61f6647f06b67603", "size": 99873}, "minecraft/lang/ca_ES.lang": {"hash": "3386789f844a747d348a42386ee941daffdf34d4", "size": 75720}, "minecraft/lang/cs_CZ.lang": {"hash": "22bb966ab55ae53b7d5960e13f7bc11920f380a3", "size": 73182}, "minecraft/lang/cy_GB.lang": {"hash": "999257ac419cf90ec067b750bfc074e57015aa75", "size": 72575}, "minecraft/lang/da_DK.lang": {"hash": "a2fbcec6e56101db42bdcbbf93461917e3ff9a9b", "size": 70973}, "minecraft/lang/de_DE.lang": {"hash": "a5b9750a30629916c454b879246231ebd1cc9a2c", "size": 73602}, "minecraft/lang/el_GR.lang": {"hash": "17567e7dc53a5e939b5bd0197fbf95d93c002c2a", "size": 106705}, "minecraft/lang/en_AU.lang": {"hash": "4b0fb97083de71e8b23e144c7cd426fb3eb09e49", "size": 69336}, "minecraft/lang/en_CA.lang": {"hash": "7197269073c558f5ae376f40eeae0ad29b05c5f5", "size": 70192}, "minecraft/lang/en_GB.lang": {"hash": "81187dd7f36516de3a88d19c2f3903f74df1def0", "size": 69867}, "minecraft/lang/en_PT.lang": {"hash": "0ee5c0e080e6f34e291a604e2485aa2c710cc81f", "size": 73830}, "minecraft/lang/eo_UY.lang": {"hash": "c4daa64350971a7714218efc517de25e2a79ccc2", "size": 71254}, "minecraft/lang/es_AR.lang": {"hash": "e55edae0011215873faeba154c7d89f590ddb748", "size": 74392}, "minecraft/lang/es_ES.lang": {"hash": "428263c79973ad44876048f421511aed401cf2e6", "size": 75554}, "minecraft/lang/es_MX.lang": {"hash": "33747279d2752138df2d80cc70771e042457017f", "size": 73763}, "minecraft/lang/es_UY.lang": {"hash": "4e5de18b13004b53cf8e5d46f36ab07b165e7362", "size": 73666}, "minecraft/lang/es_VE.lang": {"hash": "a224f70ea345fdb44f89a7c1b7c200b4239e6577", "size": 74321}, "minecraft/lang/et_EE.lang": {"hash": "6c7a6c4bae01c22e67bed10b69d46e67d5d67895", "size": 72085}, "minecraft/lang/eu_ES.lang": {"hash": "34090e3d3a908122ff2734784575b5a35c51d911", "size": 75034}, "minecraft/lang/fa_IR.lang": {"hash": "20369b200cab4b4fb4975d8468395eafb62c50a1", "size": 76732}, "minecraft/lang/fi_FI.lang": {"hash": "ff77255b582c0bac2fb722d74b168d51345ab730", "size": 74638}, "minecraft/lang/fil_PH.lang": {"hash": "d8fc393426b1c67fcc0a867233874670b5755687", "size": 71457}, "minecraft/lang/fr_CA.lang": {"hash": "b968a786fb5ddd46e28e4bf5c9ecb9c6db13bb95", "size": 78323}, "minecraft/lang/fr_FR.lang": {"hash": "ea1403be012b32d2239796a3617de19b6774fe06", "size": 77165}, "minecraft/lang/ga_IE.lang": {"hash": "0e2933d361b38fc2aff7e7d09c6b723893e4dd5c", "size": 75483}, "minecraft/lang/gl_ES.lang": {"hash": "323d7f116b2187c51ff76ae7dd1ac15c5d4d007d", "size": 74594}, "minecraft/lang/gv_IM.lang": {"hash": "00c71b8f15ddfaf958c0c31da003031b8789b3a6", "size": 71834}, "minecraft/lang/he_IL.lang": {"hash": "f92ff2e7e9baf2de036c780dab96dc0d018fd3f3", "size": 81991}, "minecraft/lang/hi_IN.lang": {"hash": "081d21bad358ef6922c43cecf5e0b8f30aa52e6c", "size": 96609}, "minecraft/lang/hr_HR.lang": {"hash": "51ffb69a87c411dcde1f3f93f9b799458e66ee81", "size": 72096}, "minecraft/lang/hu_HU.lang": {"hash": "6ae665534a98ef5a051792a98ade7bf555407d7a", "size": 75495}, "minecraft/lang/hy_AM.lang": {"hash": "fd0b95f772a7714597740f625cfd5cc29c9d3560", "size": 81563}, "minecraft/lang/id_ID.lang": {"hash": "10c8a862c62bac263807bf39ae191d39f8e54e35", "size": 71241}, "minecraft/lang/is_IS.lang": {"hash": "b89e2223e2c867ed3077bbe4f233a84c63729c30", "size": 72338}, "minecraft/lang/it_IT.lang": {"hash": "e257258766f1430cd6e5a97def8ecac0207ae83b", "size": 76779}, "minecraft/lang/ja_JP.lang": {"hash": "c4e61eec725b91b5aa638b4e9155caecef57e56b", "size": 84680}, "minecraft/lang/ka_GE.lang": {"hash": "34b4b3f6f4ea91b7d631395f00ce43219d025000", "size": 124866}, "minecraft/lang/ko_KR.lang": {"hash": "f797f0bb31e043750ccaa7be27f60acd04b5c05f", "size": 78938}, "minecraft/lang/kw_GB.lang": {"hash": "bef3b6a408db019403d8d756d0cf85b2c8ab61d9", "size": 51140}, "minecraft/lang/la_LA.lang": {"hash": "5dbf29b5f54015d771873e9bb02665c1128a56ff", "size": 71730}, "minecraft/lang/lb_LU.lang": {"hash": "1a498de545784868b5cb34705b4663c16292f837", "size": 72764}, "minecraft/lang/lt_LT.lang": {"hash": "78f839189133203e8d22d93ef8c9f4d02cda3023", "size": 77379}, "minecraft/lang/lv_LV.lang": {"hash": "8b39739932fda786e72567c68ac28ff7efe99e80", "size": 74262}, "minecraft/lang/mi_NZ.lang": {"hash": "f149ea34fdfe2ffdbde2f7faa11eb2aa282fa6e2", "size": 18231}, "minecraft/lang/ms_MY.lang": {"hash": "33aea58cbd8d0a8ad7b1b88432de02709342e333", "size": 73106}, "minecraft/lang/mt_MT.lang": {"hash": "68a7eab92d03a6b1e432b8783b415271f31771a7", "size": 75542}, "minecraft/lang/nds_DE.lang": {"hash": "0c423a8686c43541591a8283ce711f476d0d4074", "size": 69855}, "minecraft/lang/nl_NL.lang": {"hash": "d17c0896a1ecd39c49cf9870d29597bac3a42217", "size": 72860}, "minecraft/lang/nn_NO.lang": {"hash": "63fd5d8c33370939afe79299bb3891fe17acb444", "size": 69343}, "minecraft/lang/no_NO.lang": {"hash": "47aee6e1766ea8127c5b17a9c0416583a836244f", "size": 70936}, "minecraft/lang/oc_FR.lang": {"hash": "cfe9155cc562c3e805903ea67c32a62ac1bfe372", "size": 75081}, "minecraft/lang/pl_PL.lang": {"hash": "6da5429aafecf40a160496adb1b3f4537a3a9c67", "size": 75898}, "minecraft/lang/pt_BR.lang": {"hash": "4eedcb87b68eb6c17cc6ad8bb32b381341da08ee", "size": 75219}, "minecraft/lang/pt_PT.lang": {"hash": "88077f1e3a47d62cc77fd6e81f04ff3d55644ae1", "size": 75377}, "minecraft/lang/qya_AA.lang": {"hash": "08c19cb92fc7bb6c2445dd9743364960dcf9987b", "size": 41781}, "minecraft/lang/ro_RO.lang": {"hash": "6e3c6a4b10e1446b7b7ce5d7342361fcf9b8da0d", "size": 76131}, "minecraft/lang/ru_RU.lang": {"hash": "17d6e34837dfa86757bed29c47820914745639d5", "size": 98015}, "minecraft/lang/sk_SK.lang": {"hash": "977391fc150aed15bee60af375359f495a7f2521", "size": 73814}, "minecraft/lang/sl_SI.lang": {"hash": "49f8946e2a41e2290bd1a73654550b1413b98fb6", "size": 72883}, "minecraft/lang/sr_SP.lang": {"hash": "5513fc89fd788c31ecea7d9a3e8a3ec165f0cb4d", "size": 94989}, "minecraft/lang/sv_SE.lang": {"hash": "c246c98daf08c0652972b7143fc3126ff9117703", "size": 71228}, "minecraft/lang/th_TH.lang": {"hash": "7fafdc20468e5104493072c6708b3f8f9326c3fb", "size": 111984}, "minecraft/lang/tlh_AA.lang": {"hash": "cc38d596bbd7a6f37e3edd0a533adc32d4f89215", "size": 49205}, "minecraft/lang/tr_TR.lang": {"hash": "2c38cb9ef9216a83da46136fde1128c43562aa89", "size": 73350}, "minecraft/lang/uk_UA.lang": {"hash": "02ca127554fb1294b473bac256469a0d908ecd86", "size": 97299}, "minecraft/lang/val_ES.lang": {"hash": "d6fab429585e927cc6ad7bc4363fe27580ea1a97", "size": 73899}, "minecraft/lang/vi_VN.lang": {"hash": "a15b70c81e47f1c9dc8623e838dacddf001fa3c4", "size": 82778}, "minecraft/lang/zh_CN.lang": {"hash": "eb206c38395f02f84e1062af3fab9e05cb15611f", "size": 68917}, "minecraft/lang/zh_TW.lang": {"hash": "d2f3c9c340a5cfe30fb7e333c81a4d853d9bbddd", "size": 68697}, "minecraft/sounds.json": {"hash": "fce0bb3e14ade7b292a7c1d5fa785533d8106d82", "size": 34020}, "minecraft/sounds/ambient/cave/cave1.ogg": {"hash": "29d4dccf3353334c7aa2a49cb6fed3780a51a1ba", "size": 33948}, "minecraft/sounds/ambient/cave/cave10.ogg": {"hash": "79a5b53bf22cca182ddff2a670942c49867663ec", "size": 22725}, "minecraft/sounds/ambient/cave/cave11.ogg": {"hash": "e367d1dfa1ce07374e0aeaecbfb1526142a0dcc1", "size": 36963}, "minecraft/sounds/ambient/cave/cave12.ogg": {"hash": "a720e85e35be0dc3186d01cc599121b87e7ee9f7", "size": 21193}, "minecraft/sounds/ambient/cave/cave13.ogg": {"hash": "63bbe3921abd75b9f6cd1e20330360d164da169b", "size": 29512}, "minecraft/sounds/ambient/cave/cave2.ogg": {"hash": "5680749048457f5772ec95a73d856ad792fa1717", "size": 48741}, "minecraft/sounds/ambient/cave/cave3.ogg": {"hash": "d4b06ccb8e331ece734f51d84a0a5fbc7164d8be", "size": 50958}, "minecraft/sounds/ambient/cave/cave4.ogg": {"hash": "48540d7788ce3d9e780cb448ce5676c53dbcfd23", "size": 49499}, "minecraft/sounds/ambient/cave/cave5.ogg": {"hash": "18a992d93128bb2e2861930cff3140c6940c0127", "size": 67196}, "minecraft/sounds/ambient/cave/cave6.ogg": {"hash": "cf23204a9cca2ac7f9674168cc063cfb4dbe001f", "size": 42176}, "minecraft/sounds/ambient/cave/cave7.ogg": {"hash": "c8dd60f7e7087da52a431c1dbc0f397317b374fb", "size": 45278}, "minecraft/sounds/ambient/cave/cave8.ogg": {"hash": "9024de3f1dd4bc1e8f445c7c5b812f25c7e31bf6", "size": 49295}, "minecraft/sounds/ambient/cave/cave9.ogg": {"hash": "b463fa47816fe9a5dfe508093150e647403e4db6", "size": 27096}, "minecraft/sounds/ambient/weather/rain1.ogg": {"hash": "d68bae1949299ccd8297aaa423dd12e041e83773", "size": 13185}, "minecraft/sounds/ambient/weather/rain2.ogg": {"hash": "ba58e1b6c8cc814a210db268d3e59a06b7ac62be", "size": 13301}, "minecraft/sounds/ambient/weather/rain3.ogg": {"hash": "4cdd8fc380e85409fd94b93abdcad077d75ec58f", "size": 13322}, "minecraft/sounds/ambient/weather/rain4.ogg": {"hash": "08e555782cb2785b24e08a417a5e58aa08bd0695", "size": 13955}, "minecraft/sounds/ambient/weather/thunder1.ogg": {"hash": "671ef0ae7b59014a2f637d7af6d781324ab6309f", "size": 24468}, "minecraft/sounds/ambient/weather/thunder2.ogg": {"hash": "a20cbf2ddce541eaed520d7ec55665fe97428be6", "size": 25571}, "minecraft/sounds/ambient/weather/thunder3.ogg": {"hash": "9ead5c928f9122e3c2f5fc4f6ce7fb4054a2b578", "size": 27653}, "minecraft/sounds/damage/fallbig.ogg": {"hash": "1d183c36f596e85c4fb564ff2667332211e49659", "size": 6079}, "minecraft/sounds/damage/fallsmall.ogg": {"hash": "09236e1a725cec0229b8c564f5b3e4fe05cd7a5f", "size": 5232}, "minecraft/sounds/damage/hit1.ogg": {"hash": "8760ebb9d4b1fe9457ef272324ecd6b4329a593e", "size": 6539}, "minecraft/sounds/damage/hit2.ogg": {"hash": "144867e8792415e2873293f06ecce85cd32bb4e8", "size": 6227}, "minecraft/sounds/damage/hit3.ogg": {"hash": "c73dcedde5031fcf242b08b3405f63098cd70641", "size": 7660}, "minecraft/sounds/dig/cloth1.ogg": {"hash": "5fd568d724ba7d53911b6cccf5636f859d2662e8", "size": 4832}, "minecraft/sounds/dig/cloth2.ogg": {"hash": "56c1d0ac0de2265018b2c41cb571cc6631101484", "size": 4862}, "minecraft/sounds/dig/cloth3.ogg": {"hash": "9c63f2a3681832dc32d206f6830360bfe94b5bfc", "size": 4897}, "minecraft/sounds/dig/cloth4.ogg": {"hash": "55da1856e77cfd31a7e8c3d358e1f856c5583198", "size": 4844}, "minecraft/sounds/dig/grass1.ogg": {"hash": "41cbf5dd08e951ad65883854e74d2e034929f572", "size": 7468}, "minecraft/sounds/dig/grass2.ogg": {"hash": "86cb1bb0c45625b18e00a64098cd425a38f6d3f2", "size": 7691}, "minecraft/sounds/dig/grass3.ogg": {"hash": "f7d7e5c7089c9b45fa5d1b31542eb455fad995db", "size": 7194}, "minecraft/sounds/dig/grass4.ogg": {"hash": "c7b1005d4926f6a2e2387a41ab1fb48a72f18e98", "size": 7163}, "minecraft/sounds/dig/gravel1.ogg": {"hash": "e8b89f316f3e9989a87f6e6ff12db9abe0f8b09f", "size": 6851}, "minecraft/sounds/dig/gravel2.ogg": {"hash": "c3b3797d04cb9640e1d3a72d5e96edb410388fa3", "size": 7501}, "minecraft/sounds/dig/gravel3.ogg": {"hash": "48f7e1bb098abd36b9760cca27b9d4391a23de26", "size": 6905}, "minecraft/sounds/dig/gravel4.ogg": {"hash": "7bf3553a4fe41a0078f4988a13d6e1ed8663ef4c", "size": 6728}, "minecraft/sounds/dig/sand1.ogg": {"hash": "9e59c3650c6c3fc0a475f1b753b2fcfef430bf81", "size": 5543}, "minecraft/sounds/dig/sand2.ogg": {"hash": "0fa4234797f336ada4e3735e013e44d1099afe57", "size": 5553}, "minecraft/sounds/dig/sand3.ogg": {"hash": "c75589cc0087069f387de127dd1499580498738e", "size": 5552}, "minecraft/sounds/dig/sand4.ogg": {"hash": "37afa06f97d58767a1cd1382386db878be1532dd", "size": 5491}, "minecraft/sounds/dig/snow1.ogg": {"hash": "e9bab7d3d15541f0aaa93fad31ad37fd07e03a6c", "size": 6532}, "minecraft/sounds/dig/snow2.ogg": {"hash": "5887d10234c4f244ec5468080412f3e6ef9522f3", "size": 6567}, "minecraft/sounds/dig/snow3.ogg": {"hash": "a4bc069321a96236fde04a3820664cc23b2ea619", "size": 6540}, "minecraft/sounds/dig/snow4.ogg": {"hash": "e26fa3036cdab4c2264ceb19e1cd197a2a510227", "size": 6501}, "minecraft/sounds/dig/stone1.ogg": {"hash": "4e094ed8dfa98656d8fec52a7d20c5ee6098b6ad", "size": 6695}, "minecraft/sounds/dig/stone2.ogg": {"hash": "9c92f697142ae320584bf64c0d54381d59703528", "size": 6728}, "minecraft/sounds/dig/stone3.ogg": {"hash": "8f23c02475d388b23e5faa680eafe6b991d7a9d4", "size": 6627}, "minecraft/sounds/dig/stone4.ogg": {"hash": "363545a76277e5e47538b2dd3a0d6aa4f7a87d34", "size": 6516}, "minecraft/sounds/dig/wood1.ogg": {"hash": "9bc2a84d0aa98113fc52609976fae8fc88ea6333", "size": 6541}, "minecraft/sounds/dig/wood2.ogg": {"hash": "98102533e6085617a2962157b4f3658f59aea018", "size": 6294}, "minecraft/sounds/dig/wood3.ogg": {"hash": "45b2aef7b5049e81b39b58f8d631563fadcc778b", "size": 6604}, "minecraft/sounds/dig/wood4.ogg": {"hash": "dc66978374a46ab2b87db6472804185824868095", "size": 6817}, "minecraft/sounds/fire/fire.ogg": {"hash": "8b260108a73470c16cd244325242d4780cfb7d78", "size": 28689}, "minecraft/sounds/fire/ignite.ogg": {"hash": "a0d1fbff7e938e92c10c1576339dda668f40e111", "size": 6418}, "minecraft/sounds/fireworks/blast1.ogg": {"hash": "d9d7511e8944da0c7ab4ed2d3e3d964f98dd6997", "size": 11071}, "minecraft/sounds/fireworks/blast_far1.ogg": {"hash": "cd9062e9e81f7cd35164a99669e5db32891a5cb5", "size": 14727}, "minecraft/sounds/fireworks/largeBlast1.ogg": {"hash": "ef59205829f09ac4855c614a0e7046db820df18b", "size": 17306}, "minecraft/sounds/fireworks/largeBlast_far1.ogg": {"hash": "bfb0e14bf130de4ecda75d8e793260e8bbaca35b", "size": 21914}, "minecraft/sounds/fireworks/launch1.ogg": {"hash": "b1715242916d56140486c612056ea4d6dd5a4404", "size": 15598}, "minecraft/sounds/fireworks/twinkle1.ogg": {"hash": "41b9c631e9c1c40800b3b02a0ac5855d6ad4846d", "size": 14328}, "minecraft/sounds/fireworks/twinkle_far1.ogg": {"hash": "c8053e3b083b08840276de9a728202551302f416", "size": 23987}, "minecraft/sounds/liquid/lava.ogg": {"hash": "9272aef9f27dfcc10b6e3879b7a2a67f8faa1a83", "size": 65328}, "minecraft/sounds/liquid/lavapop.ogg": {"hash": "19a5aae31c3e0018a960b709a9f0240d8d47dda7", "size": 5609}, "minecraft/sounds/liquid/splash.ogg": {"hash": "4c14c40542e249c902d0cac710ab4c6d6debba28", "size": 16702}, "minecraft/sounds/liquid/splash2.ogg": {"hash": "857abbbfb58186c2f1b5510a4072630950e518f6", "size": 36747}, "minecraft/sounds/liquid/swim1.ogg": {"hash": "6ea4e448fbc2a079acb0cf3564273083dadae165", "size": 9227}, "minecraft/sounds/liquid/swim2.ogg": {"hash": "827d71834e69954e0a7fd7748998332e0b619d29", "size": 9540}, "minecraft/sounds/liquid/swim3.ogg": {"hash": "b5f9075a8bf6977e7dfd3d316a673eaaa5834a99", "size": 9868}, "minecraft/sounds/liquid/swim4.ogg": {"hash": "6a908e7c7d61e01bc4223b4991820bfc56f84c5e", "size": 7836}, "minecraft/sounds/liquid/water.ogg": {"hash": "3483650440deb3934255e044ddabff5b01a65356", "size": 36329}, "minecraft/sounds/minecart/base.ogg": {"hash": "28f9973fcd8366ac9837dbe190b129a8fce15857", "size": 15354}, "minecraft/sounds/minecart/inside.ogg": {"hash": "6a83b514027c328b74f8428448dc6589d4b16388", "size": 57426}, "minecraft/sounds/mob/bat/death.ogg": {"hash": "6df3b2c2b951863fc5200edf3ff3396b105ed897", "size": 8726}, "minecraft/sounds/mob/bat/hurt1.ogg": {"hash": "fddba78b2426f8056be081c98fe82e8411a0a5cf", "size": 4878}, "minecraft/sounds/mob/bat/hurt2.ogg": {"hash": "573e565b7fda2c34fc972edd21a82fd2e09200f8", "size": 5530}, "minecraft/sounds/mob/bat/hurt3.ogg": {"hash": "1599551814c141acd0c4a3c4a0ff83f4c4e3026d", "size": 5249}, "minecraft/sounds/mob/bat/hurt4.ogg": {"hash": "0ba4a7830ea8852bf7844872d7e2d2a408fb77e4", "size": 5410}, "minecraft/sounds/mob/bat/idle1.ogg": {"hash": "c3c175d70372d8448c070d0716a8d88beec8b8b7", "size": 5708}, "minecraft/sounds/mob/bat/idle2.ogg": {"hash": "e9d023a54a6b514af496c8f253f5f3fa948fd4b6", "size": 4767}, "minecraft/sounds/mob/bat/idle3.ogg": {"hash": "e641dd3d6607db86b7574fe82781a34ad74f6c77", "size": 4777}, "minecraft/sounds/mob/bat/idle4.ogg": {"hash": "a323a968296882e15c743ccdc8cb8057557ae712", "size": 5274}, "minecraft/sounds/mob/bat/loop.ogg": {"hash": "e260582909112ec3c255d1ec0375c7913df5f9f8", "size": 16510}, "minecraft/sounds/mob/bat/takeoff.ogg": {"hash": "ee6079d3826ac2994f3f58e62370f3c8ff9328e9", "size": 8821}, "minecraft/sounds/mob/blaze/breathe1.ogg": {"hash": "4e398c518ae706ad4d90afd6914f748faf18a7b5", "size": 22308}, "minecraft/sounds/mob/blaze/breathe2.ogg": {"hash": "c74368d2b978f570b4e7ce9645fd84b07f8f145c", "size": 22547}, "minecraft/sounds/mob/blaze/breathe3.ogg": {"hash": "24d643885f9b83d8f034f49e2c5e00e70d4f175a", "size": 21883}, "minecraft/sounds/mob/blaze/breathe4.ogg": {"hash": "78d544a240d627005aaef6033fd646eafc66fe7a", "size": 22054}, "minecraft/sounds/mob/blaze/death.ogg": {"hash": "17491c8dd9511e9d848c92b4b7ae047aed164072", "size": 30155}, "minecraft/sounds/mob/blaze/hit1.ogg": {"hash": "cb1cf4b405d930ad27f09ea39d6a64f35fc13308", "size": 7189}, "minecraft/sounds/mob/blaze/hit2.ogg": {"hash": "00b38fae5d28d99514a3e73a913af16359b12b7a", "size": 7356}, "minecraft/sounds/mob/blaze/hit3.ogg": {"hash": "97e09d51c82b78ab82fb3a4dbbb8cd701b2d0aeb", "size": 7229}, "minecraft/sounds/mob/blaze/hit4.ogg": {"hash": "3f447f3e331b59ad014d9bd4a6536f98cf3a08c3", "size": 7383}, "minecraft/sounds/mob/cat/hiss1.ogg": {"hash": "9d2202fce7908dcc5b5c8758c5cd517d863d4dd3", "size": 14666}, "minecraft/sounds/mob/cat/hiss2.ogg": {"hash": "063bf0fce35c547eb59f086dbb56c5fe329cbcf4", "size": 13451}, "minecraft/sounds/mob/cat/hiss3.ogg": {"hash": "c7e424eb00712614a183adf5d17b949175ff00df", "size": 13708}, "minecraft/sounds/mob/cat/hitt1.ogg": {"hash": "28409652d939d2489d8b5317d51abb873821f0f4", "size": 7595}, "minecraft/sounds/mob/cat/hitt2.ogg": {"hash": "ce499da6ec5dd226d50843890ca09f16018aff9a", "size": 9180}, "minecraft/sounds/mob/cat/hitt3.ogg": {"hash": "3d98b4b7c37a09101da00d8a3078e0acba6558f4", "size": 7371}, "minecraft/sounds/mob/cat/meow1.ogg": {"hash": "5fdf1bd80b204245af760042d2e546d87666e288", "size": 9820}, "minecraft/sounds/mob/cat/meow2.ogg": {"hash": "9853be18df1a5b2642e33ba05e71bfd5099f9f04", "size": 9349}, "minecraft/sounds/mob/cat/meow3.ogg": {"hash": "381f9e97a8a986ecab3e86431d6be6df5ff79c31", "size": 9526}, "minecraft/sounds/mob/cat/meow4.ogg": {"hash": "4bf7c7a08c1217de7b1f0faf82429665fbf18458", "size": 9560}, "minecraft/sounds/mob/cat/purr1.ogg": {"hash": "315512d6027033c2a279841badb40a26d74efc81", "size": 27911}, "minecraft/sounds/mob/cat/purr2.ogg": {"hash": "847ec719ee91e28d7bf58ab39a5d8d6bd5728314", "size": 28974}, "minecraft/sounds/mob/cat/purr3.ogg": {"hash": "eed7a9305f5879448bb94355f25279b4aac403b6", "size": 34965}, "minecraft/sounds/mob/cat/purreow1.ogg": {"hash": "d00791807e913e57d58fd891cb4dd10186cfdf38", "size": 11787}, "minecraft/sounds/mob/cat/purreow2.ogg": {"hash": "08573a1f11058b09c5855122dff47ceb209f771e", "size": 12237}, "minecraft/sounds/mob/chicken/hurt1.ogg": {"hash": "31b52151bf2a6fa35d2d2aa72f832285d9e7d70d", "size": 7740}, "minecraft/sounds/mob/chicken/hurt2.ogg": {"hash": "18752157f5d8718e2752805a657c74a73d2b88db", "size": 6177}, "minecraft/sounds/mob/chicken/plop.ogg": {"hash": "ab5a32b70ef1e7aafc550b20afdb7dc8c0d5d901", "size": 4680}, "minecraft/sounds/mob/chicken/say1.ogg": {"hash": "74e5422bd83bb2041a6f0d09644bc095c0e9e21a", "size": 7956}, "minecraft/sounds/mob/chicken/say2.ogg": {"hash": "3660e743db2bbbcff0866d3f1e606882f1aeb6ac", "size": 9476}, "minecraft/sounds/mob/chicken/say3.ogg": {"hash": "49874e07369c3bb0bc8a2fba4f2096d2e9a36c9a", "size": 7080}, "minecraft/sounds/mob/chicken/step1.ogg": {"hash": "e0f0ba416a5744036e11bb6a5fc5ac4b8c461873", "size": 3702}, "minecraft/sounds/mob/chicken/step2.ogg": {"hash": "bf7fadaf64945f6b31c803d086ac6a652aabef9b", "size": 3838}, "minecraft/sounds/mob/cow/hurt1.ogg": {"hash": "989c3b614f736aa77bb2800821ea56936e98ca68", "size": 7302}, "minecraft/sounds/mob/cow/hurt2.ogg": {"hash": "758d2a1c36abc84d2744d697b76d5414ea96d9f3", "size": 8430}, "minecraft/sounds/mob/cow/hurt3.ogg": {"hash": "2a031f10c7dc24e75d5dc3a374ebe7f36fc3e143", "size": 8934}, "minecraft/sounds/mob/cow/say1.ogg": {"hash": "e07a2da49011ef4cf9d6b1c80a91a06f808c1243", "size": 9714}, "minecraft/sounds/mob/cow/say2.ogg": {"hash": "228bab6d9b09994dc407b9d022bebca791d81c16", "size": 13553}, "minecraft/sounds/mob/cow/say3.ogg": {"hash": "05f429069e65d78f7e6609d070a3f294cc3128ab", "size": 13330}, "minecraft/sounds/mob/cow/say4.ogg": {"hash": "80ce8d4b8d361b69e42d8d147e42a09d3c85a115", "size": 12300}, "minecraft/sounds/mob/cow/step1.ogg": {"hash": "fec7c7997f8eb6faaebd37f0eaed417118d3a498", "size": 7411}, "minecraft/sounds/mob/cow/step2.ogg": {"hash": "555d33de143e6dcef2aa80ebf9a8f8b1481d42d0", "size": 7885}, "minecraft/sounds/mob/cow/step3.ogg": {"hash": "482919bc631b317422ab44af3938259bea73fe83", "size": 7923}, "minecraft/sounds/mob/cow/step4.ogg": {"hash": "03063be15a77cc3f6815ec98090e351178190b33", "size": 7394}, "minecraft/sounds/mob/creeper/death.ogg": {"hash": "fbc1b2c89c5c781e30d702b2885be3f485105869", "size": 13005}, "minecraft/sounds/mob/creeper/say1.ogg": {"hash": "74771428c2aa2acbd30638c6706867053bad64d3", "size": 6647}, "minecraft/sounds/mob/creeper/say2.ogg": {"hash": "c46c7d2a84749bfcbcf576aea0d66fd3deccba31", "size": 6768}, "minecraft/sounds/mob/creeper/say3.ogg": {"hash": "0979bf115d081d70a985f1cfcab1b9274d6be74e", "size": 6787}, "minecraft/sounds/mob/creeper/say4.ogg": {"hash": "85c860ea8c55984bf6cabb75354c78f3a603f98d", "size": 7111}, "minecraft/sounds/mob/enderdragon/end.ogg": {"hash": "53cc1890ebea833d3964c7dd1c90676650e34404", "size": 257102}, "minecraft/sounds/mob/enderdragon/growl1.ogg": {"hash": "049a3049a5ac8631a6c5f367b7d824fc0d8de39b", "size": 26384}, "minecraft/sounds/mob/enderdragon/growl2.ogg": {"hash": "d859c9c5be04ffc41479b306814a933983eaa235", "size": 27101}, "minecraft/sounds/mob/enderdragon/growl3.ogg": {"hash": "ba35053358ede7c3bf33a4c344d66680f09008c9", "size": 27102}, "minecraft/sounds/mob/enderdragon/growl4.ogg": {"hash": "c84b0cf222e7dcbedde8eb9deb98835032f4d402", "size": 25574}, "minecraft/sounds/mob/enderdragon/hit1.ogg": {"hash": "aedeb53dd3315f964ff4d10d0003e4c5f41d1bb0", "size": 11056}, "minecraft/sounds/mob/enderdragon/hit2.ogg": {"hash": "46e5db05b1e91ce33c9c4c63260227fa629230f4", "size": 10880}, "minecraft/sounds/mob/enderdragon/hit3.ogg": {"hash": "e96237fdf5e5e1aca09496b9192243651525d0ac", "size": 11158}, "minecraft/sounds/mob/enderdragon/hit4.ogg": {"hash": "d2c44730f6c93676d4e4316add92e424d0a71a33", "size": 10812}, "minecraft/sounds/mob/enderdragon/wings1.ogg": {"hash": "5a368ed32b3357e31629451ace57eb30d90e8874", "size": 10617}, "minecraft/sounds/mob/enderdragon/wings2.ogg": {"hash": "7d5b3b403a11b6dd4c3801c4f4c8bf7ce9a8c771", "size": 10481}, "minecraft/sounds/mob/enderdragon/wings3.ogg": {"hash": "eb58ef697b2cbaed218edc758e00412302c75962", "size": 10373}, "minecraft/sounds/mob/enderdragon/wings4.ogg": {"hash": "92488929c42221fb3f1dee397a32d2e4de615f3c", "size": 11702}, "minecraft/sounds/mob/enderdragon/wings5.ogg": {"hash": "fa6d89b586c5ca29efe85c8d373ff9ee19488d40", "size": 11659}, "minecraft/sounds/mob/enderdragon/wings6.ogg": {"hash": "e7e8d393fc03a476227890e9ec9319dcc4b400ea", "size": 11150}, "minecraft/sounds/mob/endermen/death.ogg": {"hash": "d04dd6d1f050353ef9e3ba9c45f407f831903c69", "size": 16232}, "minecraft/sounds/mob/endermen/hit1.ogg": {"hash": "753a88c1d9b3b46210c18ff07974955463edd18b", "size": 6883}, "minecraft/sounds/mob/endermen/hit2.ogg": {"hash": "cf60aefd0b742c3fa15e808c1a0c33aebd534cc5", "size": 6491}, "minecraft/sounds/mob/endermen/hit3.ogg": {"hash": "aaa8f1705c873ebc05da460657c8b83fa01ffd57", "size": 6564}, "minecraft/sounds/mob/endermen/hit4.ogg": {"hash": "6e0f9074e049a6c30402d70cc75a5da99042e00c", "size": 5573}, "minecraft/sounds/mob/endermen/idle1.ogg": {"hash": "281b87984ddf8e94324bc86911a36c971cb3d831", "size": 6793}, "minecraft/sounds/mob/endermen/idle2.ogg": {"hash": "9c7aaf49b3096a69a2d6ca62c1067400a2b70814", "size": 8236}, "minecraft/sounds/mob/endermen/idle3.ogg": {"hash": "bc4c2e76d3b5a0e6f9d5837fe82ed26e808aa918", "size": 10073}, "minecraft/sounds/mob/endermen/idle4.ogg": {"hash": "405e2f82caef7f79eb9e26886520711e446366ce", "size": 11208}, "minecraft/sounds/mob/endermen/idle5.ogg": {"hash": "e746ec4574aaa047be3076729753c2c75fd34630", "size": 9108}, "minecraft/sounds/mob/endermen/portal.ogg": {"hash": "7b4b5323ef066caa1ae43cbe66fffd9dfce4ed32", "size": 10010}, "minecraft/sounds/mob/endermen/portal2.ogg": {"hash": "35461b6a4253db40973549e82d91f267c686be85", "size": 7442}, "minecraft/sounds/mob/endermen/scream1.ogg": {"hash": "c4b5265bbafbe058347058a257abe33a0afb5ab7", "size": 11231}, "minecraft/sounds/mob/endermen/scream2.ogg": {"hash": "c8cd465468a0fd41a1d5cc24cb499862b5ade2cb", "size": 11020}, "minecraft/sounds/mob/endermen/scream3.ogg": {"hash": "dbab0094299eacbce86ad427edcb34b8342861af", "size": 9843}, "minecraft/sounds/mob/endermen/scream4.ogg": {"hash": "bcc73584d83225383aaa6affce905392c96afe86", "size": 10411}, "minecraft/sounds/mob/endermen/stare.ogg": {"hash": "5738d7f49ef30adcfc4f2ab13e0b1d74f09a1289", "size": 127738}, "minecraft/sounds/mob/ghast/affectionate_scream.ogg": {"hash": "99cd73dda425ee03836c2274a0fcf331139773dc", "size": 9367}, "minecraft/sounds/mob/ghast/charge.ogg": {"hash": "6f1d403f47725af0f4c42a74cfec00ff59153160", "size": 13415}, "minecraft/sounds/mob/ghast/death.ogg": {"hash": "725e5179c72444c6d885e39c27e6b31ed83d58bc", "size": 26853}, "minecraft/sounds/mob/ghast/fireball4.ogg": {"hash": "eafa60d7ec34f86e8f07a001ddcdf5c4600bb174", "size": 8535}, "minecraft/sounds/mob/ghast/moan1.ogg": {"hash": "882d092b05faef1cfa6af43d642b9e8843f22756", "size": 7986}, "minecraft/sounds/mob/ghast/moan2.ogg": {"hash": "02073c284f025653e55f9cde25a4a62723d395fa", "size": 8909}, "minecraft/sounds/mob/ghast/moan3.ogg": {"hash": "dcec2d45fbc25f74a399ec9f8001e0ecd2d5d85e", "size": 8925}, "minecraft/sounds/mob/ghast/moan4.ogg": {"hash": "935f1a575322bd0ec53a919fd061321216889104", "size": 9393}, "minecraft/sounds/mob/ghast/moan5.ogg": {"hash": "48fc6c25d0f1c1f0edd4eaca2b6f934d4117f440", "size": 14107}, "minecraft/sounds/mob/ghast/moan6.ogg": {"hash": "b3f91f243eceaa25cff7488ec2dac732e22cfec3", "size": 18305}, "minecraft/sounds/mob/ghast/moan7.ogg": {"hash": "cfb956ba9d26cbdacd16ef77d58764df783b2c7f", "size": 9222}, "minecraft/sounds/mob/ghast/scream1.ogg": {"hash": "a0e62d86e5899405df4e796fe648e091d828691d", "size": 10828}, "minecraft/sounds/mob/ghast/scream2.ogg": {"hash": "57008a7f564443d563968fd040fc13ab226fc8d1", "size": 11455}, "minecraft/sounds/mob/ghast/scream3.ogg": {"hash": "8f23820fa28830dd031188c20acb35af044aedb5", "size": 9399}, "minecraft/sounds/mob/ghast/scream4.ogg": {"hash": "edbc9e9cb9dfeabef93207fc0bdee6ceee5df7bc", "size": 12220}, "minecraft/sounds/mob/ghast/scream5.ogg": {"hash": "77a7b79d4f2ada27640866ece1020b631f5bdc54", "size": 11650}, "minecraft/sounds/mob/horse/angry1.ogg": {"hash": "c80439669ee4c5ab6e236787f57fc6aa980dc6f9", "size": 10409}, "minecraft/sounds/mob/horse/armor.ogg": {"hash": "2ccb16055e7974aba40987a46c4b6370b9296106", "size": 15195}, "minecraft/sounds/mob/horse/breathe1.ogg": {"hash": "a02c38569979cd6f4305f9e43a7a9fe26477d161", "size": 10190}, "minecraft/sounds/mob/horse/breathe2.ogg": {"hash": "7bbbd6126bd37b4f2ec059d2784f95310bd55b75", "size": 9545}, "minecraft/sounds/mob/horse/breathe3.ogg": {"hash": "b6f6330f1a5c1a3a975e852c02b0543135295d86", "size": 7205}, "minecraft/sounds/mob/horse/death.ogg": {"hash": "120def25aa3d41ceeae166c7572561b4fb345900", "size": 15184}, "minecraft/sounds/mob/horse/donkey/angry1.ogg": {"hash": "a36f9c11ced9aa4364de7f26bb033e32adf9ad6f", "size": 12515}, "minecraft/sounds/mob/horse/donkey/angry2.ogg": {"hash": "44380f86e13a06b1f0c6feec2d6644b67e6c4d9c", "size": 11133}, "minecraft/sounds/mob/horse/donkey/death.ogg": {"hash": "ece3a1417e0eca0a748aafaf6cd9f5e99c314991", "size": 13955}, "minecraft/sounds/mob/horse/donkey/hit1.ogg": {"hash": "9580708c276c3ad24703ea7843e317b2845d272f", "size": 6952}, "minecraft/sounds/mob/horse/donkey/hit2.ogg": {"hash": "dd1846c866f5ef87e056a3f14ac156959b637726", "size": 5948}, "minecraft/sounds/mob/horse/donkey/hit3.ogg": {"hash": "4081b6ba7b4e345a0c48d791c54b6f59c1e2e1dc", "size": 7500}, "minecraft/sounds/mob/horse/donkey/idle1.ogg": {"hash": "d2cd73933fb1f6dbcb0dd170fde6fc8a49d709b9", "size": 6269}, "minecraft/sounds/mob/horse/donkey/idle2.ogg": {"hash": "6d7eeba0ba69cd68acf1e2ed5ae488c5aabbc9bf", "size": 6299}, "minecraft/sounds/mob/horse/donkey/idle3.ogg": {"hash": "be565339d494ce6ff788480a462bce0ec69c8ded", "size": 11079}, "minecraft/sounds/mob/horse/gallop1.ogg": {"hash": "b489c51eb82814562b6e288a889e36ccd018928c", "size": 8070}, "minecraft/sounds/mob/horse/gallop2.ogg": {"hash": "2433e0f1cfd53dab77422aca9f60f3d9a86d9991", "size": 8360}, "minecraft/sounds/mob/horse/gallop3.ogg": {"hash": "cf601e6c603b4186919f49462594da6e66edb7a2", "size": 7660}, "minecraft/sounds/mob/horse/gallop4.ogg": {"hash": "11b2b7b9cac527ce8cfb1cee41285c163ad75869", "size": 8320}, "minecraft/sounds/mob/horse/hit1.ogg": {"hash": "dc6b3831d315eedb3e97823c9ab1ae5092dcecbd", "size": 6014}, "minecraft/sounds/mob/horse/hit2.ogg": {"hash": "d6ceab79e5cb41ab8181188361bdb553b2f645a3", "size": 5924}, "minecraft/sounds/mob/horse/hit3.ogg": {"hash": "559a1c7dbf17f8357b6d505f2a072f22efe0f43c", "size": 6227}, "minecraft/sounds/mob/horse/hit4.ogg": {"hash": "73909900231d6f994e92cea983eb34d20cdd6461", "size": 7133}, "minecraft/sounds/mob/horse/idle1.ogg": {"hash": "fccee35ec3b76cf6cfbff0f269ed1a3b88459f22", "size": 9846}, "minecraft/sounds/mob/horse/idle2.ogg": {"hash": "ece0b410c81e9ba3e29440cc48005fc544aa5104", "size": 8699}, "minecraft/sounds/mob/horse/idle3.ogg": {"hash": "65bd63eb0e8056707f7f16f1a272187d3d32de15", "size": 11142}, "minecraft/sounds/mob/horse/jump.ogg": {"hash": "9e49d50a15b74ec6ac4745b0de3e1848178ea437", "size": 7501}, "minecraft/sounds/mob/horse/land.ogg": {"hash": "4632633263997de468f35d0227b5d56c22c911bd", "size": 9513}, "minecraft/sounds/mob/horse/leather.ogg": {"hash": "20abaa7d3b0baa105bc6023d5308f1e5d76acc41", "size": 11577}, "minecraft/sounds/mob/horse/skeleton/death.ogg": {"hash": "3b11e7b50263049d7b7c384c622c8fdf28cf12d8", "size": 19775}, "minecraft/sounds/mob/horse/skeleton/hit1.ogg": {"hash": "f111af513ba90b246a872e995f4b1722368899a9", "size": 7647}, "minecraft/sounds/mob/horse/skeleton/hit2.ogg": {"hash": "721dffeec54cec90bb07986342532f327185886f", "size": 7232}, "minecraft/sounds/mob/horse/skeleton/hit3.ogg": {"hash": "df488adcf98b65d30473865945cb5ea1ee30108c", "size": 8687}, "minecraft/sounds/mob/horse/skeleton/hit4.ogg": {"hash": "68f186d1e9890fd4ede56106bfca198e904b57e4", "size": 8143}, "minecraft/sounds/mob/horse/skeleton/idle1.ogg": {"hash": "195a4b987b0b97c238de9522eb74dd1bfeab202d", "size": 13016}, "minecraft/sounds/mob/horse/skeleton/idle2.ogg": {"hash": "cd683396ccd955bfd218020dbb1892808def402e", "size": 9173}, "minecraft/sounds/mob/horse/skeleton/idle3.ogg": {"hash": "083256ad8eede9ca7191b7667971070429d824cc", "size": 12129}, "minecraft/sounds/mob/horse/soft1.ogg": {"hash": "a9a83e3f186b3af56a9844b8d4976c6251ba17eb", "size": 6417}, "minecraft/sounds/mob/horse/soft2.ogg": {"hash": "2bdd1bc318559543fe0f2a8e7338ef44c0290900", "size": 6254}, "minecraft/sounds/mob/horse/soft3.ogg": {"hash": "f85131ddb8e80f13d8917fcf9bd99256f8a7695a", "size": 6128}, "minecraft/sounds/mob/horse/soft4.ogg": {"hash": "6efbe479d74614c5f824fa5aafa295ae936b3f9f", "size": 7224}, "minecraft/sounds/mob/horse/soft5.ogg": {"hash": "76aa158461bacbcd138f88c0338f56525bfd55b9", "size": 7127}, "minecraft/sounds/mob/horse/soft6.ogg": {"hash": "352118247b942b2c0df66f2a9a60cb1fb4792446", "size": 6970}, "minecraft/sounds/mob/horse/wood1.ogg": {"hash": "711c8d8e7a1a67ace08c33a544aa3a1157ab97e2", "size": 8190}, "minecraft/sounds/mob/horse/wood2.ogg": {"hash": "61112837c4cd7174fc0cf1ebc569275c45b089ca", "size": 7988}, "minecraft/sounds/mob/horse/wood3.ogg": {"hash": "50733b9cb1042acc3bc38182d7ccaa65e538bb57", "size": 6995}, "minecraft/sounds/mob/horse/wood4.ogg": {"hash": "69ca9738d02cd8476943060a66652496c6669742", "size": 6706}, "minecraft/sounds/mob/horse/wood5.ogg": {"hash": "52f58da2e750cf03137c968261b7af5cef599a00", "size": 7930}, "minecraft/sounds/mob/horse/wood6.ogg": {"hash": "f4ed4c71699d853437c14fb9b3d236b78108bb53", "size": 8074}, "minecraft/sounds/mob/horse/zombie/death.ogg": {"hash": "aa914f7916d6f90042841cce5972b73043eb2101", "size": 23103}, "minecraft/sounds/mob/horse/zombie/hit1.ogg": {"hash": "75feac0fe57873c7f2e93d4cccf24014ab8dc905", "size": 8800}, "minecraft/sounds/mob/horse/zombie/hit2.ogg": {"hash": "db6d67850ac177a7407748d7efa52fa1b7b57982", "size": 6894}, "minecraft/sounds/mob/horse/zombie/hit3.ogg": {"hash": "ad126e435cca94054bf0d616301799a105526cde", "size": 7043}, "minecraft/sounds/mob/horse/zombie/hit4.ogg": {"hash": "c093e925b560d3da4c9b1ef5679d1da2a5a8473b", "size": 8030}, "minecraft/sounds/mob/horse/zombie/idle1.ogg": {"hash": "ef1fea92382e98356a8c39e3c99b91d72d55f342", "size": 13283}, "minecraft/sounds/mob/horse/zombie/idle2.ogg": {"hash": "fef8520e0d345fdc7c270687c8e4fca62be36c76", "size": 13333}, "minecraft/sounds/mob/horse/zombie/idle3.ogg": {"hash": "9d034bf3ba36b297487b2380b908713982a83a3a", "size": 12120}, "minecraft/sounds/mob/irongolem/death.ogg": {"hash": "770b3f1feb05b9b941d858eb72b9d04ffc5d52c9", "size": 17766}, "minecraft/sounds/mob/irongolem/hit1.ogg": {"hash": "942937fcad0fefd61e019678e3710f3f077757d4", "size": 9479}, "minecraft/sounds/mob/irongolem/hit2.ogg": {"hash": "bb92fd6971430a515f508a6734392511385826e1", "size": 9140}, "minecraft/sounds/mob/irongolem/hit3.ogg": {"hash": "27c78cd09f7fd1770a41d78247ccf57c77dbc773", "size": 8947}, "minecraft/sounds/mob/irongolem/hit4.ogg": {"hash": "a2dbb90f23b0babe7c569ceca28db49d0c112714", "size": 8686}, "minecraft/sounds/mob/irongolem/throw.ogg": {"hash": "607d51883e137d5d423dde865232ab1ee78f2694", "size": 5316}, "minecraft/sounds/mob/irongolem/walk1.ogg": {"hash": "4e3e9f37c1e0c12c2993d25c28b89e2f0797ba5a", "size": 7064}, "minecraft/sounds/mob/irongolem/walk2.ogg": {"hash": "356fdb6192cf96aa5d5d9c76413f412f6a4d66a4", "size": 6945}, "minecraft/sounds/mob/irongolem/walk3.ogg": {"hash": "e0672d288b09996f7c7e1a0ca696de82b7a02d18", "size": 6883}, "minecraft/sounds/mob/irongolem/walk4.ogg": {"hash": "88ae6c906f8f94add2fe904b59c94e844bbcef9a", "size": 7021}, "minecraft/sounds/mob/magmacube/big1.ogg": {"hash": "430c65ac81151d873a27d611a9dff6c562e38c4f", "size": 10917}, "minecraft/sounds/mob/magmacube/big2.ogg": {"hash": "4c4bcc6905430286f32a862ce69665c51bd9938f", "size": 7931}, "minecraft/sounds/mob/magmacube/big3.ogg": {"hash": "d5c4316d30feef5213077e3ee24a7f52c5bf6735", "size": 9436}, "minecraft/sounds/mob/magmacube/big4.ogg": {"hash": "a63fd7965328425a0a8111640de19428d841933e", "size": 9871}, "minecraft/sounds/mob/magmacube/jump1.ogg": {"hash": "86a2a7206c769aaa9435aabba70be201cb3e3a6b", "size": 12540}, "minecraft/sounds/mob/magmacube/jump2.ogg": {"hash": "3285a993220dcea1fc37e98b9aa9219422c2c095", "size": 12973}, "minecraft/sounds/mob/magmacube/jump3.ogg": {"hash": "5a2449cc3d4a6ad36598847e501f956e5a3528bd", "size": 12258}, "minecraft/sounds/mob/magmacube/jump4.ogg": {"hash": "500e2543034b4c026fb175d48c47196c5d013fe8", "size": 12902}, "minecraft/sounds/mob/magmacube/small1.ogg": {"hash": "5c633c345fe4cb87c36ada2fe2b5da1b80601cf3", "size": 6269}, "minecraft/sounds/mob/magmacube/small2.ogg": {"hash": "18237686efcaa1bf9084173c99d11ce0d37d4fc5", "size": 5518}, "minecraft/sounds/mob/magmacube/small3.ogg": {"hash": "65a1a69845133187d6b8689e6ce9707da10f21a6", "size": 5314}, "minecraft/sounds/mob/magmacube/small4.ogg": {"hash": "a485082ed0820eeeb9df13f84f26b14744ceeb2a", "size": 5387}, "minecraft/sounds/mob/magmacube/small5.ogg": {"hash": "560dd97e6da8badbc8ac00b28c45312e60a525f2", "size": 4826}, "minecraft/sounds/mob/pig/death.ogg": {"hash": "4bc87ab869e17732a20c7518a327136baf5b2c26", "size": 13694}, "minecraft/sounds/mob/pig/say1.ogg": {"hash": "a99bf88163bcb576e31e6e2275145afba6d1b4c7", "size": 5645}, "minecraft/sounds/mob/pig/say2.ogg": {"hash": "ab615a912fb8ea06648836e0ec1cbeeefe117da6", "size": 6798}, "minecraft/sounds/mob/pig/say3.ogg": {"hash": "58efedf302e0203a6ff9e59a6535d300286c5594", "size": 5602}, "minecraft/sounds/mob/pig/step1.ogg": {"hash": "05baaf5ed0cbdab08292b3962e1b1385e13b9dba", "size": 5285}, "minecraft/sounds/mob/pig/step2.ogg": {"hash": "a69a66bfda52a42ea8cf712eb1caa8830046c14f", "size": 4508}, "minecraft/sounds/mob/pig/step3.ogg": {"hash": "6226903c5dfd8ac388f9d64a5fa9968680ed3507", "size": 4722}, "minecraft/sounds/mob/pig/step4.ogg": {"hash": "f5e1ba4ac271b4c2feee86a4d04e32279ea99c10", "size": 4483}, "minecraft/sounds/mob/pig/step5.ogg": {"hash": "56d6fd65958fb25bf9b4033a87655b591e222005", "size": 5493}, "minecraft/sounds/mob/sheep/say1.ogg": {"hash": "a3ffeaa0a75b8d2bdc949c181a6f8db78f8976ca", "size": 9784}, "minecraft/sounds/mob/sheep/say2.ogg": {"hash": "1cfd864cbda555477ed9523e640de0d234c18858", "size": 8875}, "minecraft/sounds/mob/sheep/say3.ogg": {"hash": "c9ac72409cbe6093e84d72a2a5c719d9e4a0e6b2", "size": 9150}, "minecraft/sounds/mob/sheep/shear.ogg": {"hash": "5d9055cf25f126c47e18637aeef917fa1ef61a42", "size": 6870}, "minecraft/sounds/mob/sheep/step1.ogg": {"hash": "5288cab96e26207edd31307c9c01b6902306e4f6", "size": 4838}, "minecraft/sounds/mob/sheep/step2.ogg": {"hash": "59034eb696e186d973dcea0b162f01e38f1b4f31", "size": 4819}, "minecraft/sounds/mob/sheep/step3.ogg": {"hash": "101164ea1b442a8e1e8ca181d9cef833c57d7be3", "size": 4843}, "minecraft/sounds/mob/sheep/step4.ogg": {"hash": "6ff26a1439fb6f9f353c2bd623edeb936e760855", "size": 5018}, "minecraft/sounds/mob/sheep/step5.ogg": {"hash": "c289aa46fcbcfaf21c8080d57953fd45a4939294", "size": 5185}, "minecraft/sounds/mob/silverfish/hit1.ogg": {"hash": "84c3b008dc1d5e0dd5e8ad85a06eca29f0591e48", "size": 7371}, "minecraft/sounds/mob/silverfish/hit2.ogg": {"hash": "38d4d36bbe40a48c3a8ef97735b59b37f013fd6e", "size": 6717}, "minecraft/sounds/mob/silverfish/hit3.ogg": {"hash": "5b1675279bbc245fc6bbb705de8ea09fb3f32b53", "size": 7205}, "minecraft/sounds/mob/silverfish/kill.ogg": {"hash": "24cdac5a80fdad7ab31dc0695b57ece55aecb21a", "size": 10410}, "minecraft/sounds/mob/silverfish/say1.ogg": {"hash": "515dffc5d6dd216550d69e61b2eb9c3593b19a20", "size": 6584}, "minecraft/sounds/mob/silverfish/say2.ogg": {"hash": "396b8b46e593cf55d843853b704dc054ef614e55", "size": 9782}, "minecraft/sounds/mob/silverfish/say3.ogg": {"hash": "e7f0f24c2c9f4bf83286b17109580d3e845d19e3", "size": 7060}, "minecraft/sounds/mob/silverfish/say4.ogg": {"hash": "4fce41a2d0890418ae1efb03d1142ca74d00aa61", "size": 6394}, "minecraft/sounds/mob/silverfish/step1.ogg": {"hash": "763cc79934a572b84c371cb49afad5912f29d2f1", "size": 8382}, "minecraft/sounds/mob/silverfish/step2.ogg": {"hash": "f1665747da14569c4de55e07884deeef18a40f62", "size": 9498}, "minecraft/sounds/mob/silverfish/step3.ogg": {"hash": "47ad81223bcec870206484cd4d1a6202871df331", "size": 9308}, "minecraft/sounds/mob/silverfish/step4.ogg": {"hash": "a342f566600caf73464323b20b7770b5b9b7893a", "size": 8842}, "minecraft/sounds/mob/skeleton/death.ogg": {"hash": "641e601132b4adb67951e0d49c1004cf1b86eff2", "size": 17073}, "minecraft/sounds/mob/skeleton/hurt1.ogg": {"hash": "4d03069c0e14794b463f563044da46433776da60", "size": 9986}, "minecraft/sounds/mob/skeleton/hurt2.ogg": {"hash": "d1ad2cbe6584d9cd9483483f8655966d25a251a0", "size": 7798}, "minecraft/sounds/mob/skeleton/hurt3.ogg": {"hash": "acffab0bafe2c82ffc8723880aab5ec1682d4329", "size": 8572}, "minecraft/sounds/mob/skeleton/hurt4.ogg": {"hash": "a88e0436e38512171a3ef819249c3d1a2650540f", "size": 7848}, "minecraft/sounds/mob/skeleton/say1.ogg": {"hash": "199c9f150822950385b9bc1d840605a6a795bd27", "size": 8727}, "minecraft/sounds/mob/skeleton/say2.ogg": {"hash": "529abcb09220f0ebeb595f32bb663d026a7e0ae5", "size": 8485}, "minecraft/sounds/mob/skeleton/say3.ogg": {"hash": "a11ac56ec61c17e99f4ee33d8712404edf442720", "size": 8161}, "minecraft/sounds/mob/skeleton/step1.ogg": {"hash": "68e0a58848bbdad12ad2b216d7244754459c9516", "size": 8444}, "minecraft/sounds/mob/skeleton/step2.ogg": {"hash": "4609ec723b4e724f44c653b82de40ec159d2eea1", "size": 8333}, "minecraft/sounds/mob/skeleton/step3.ogg": {"hash": "000c82756fd54e40cb236199f2b479629d0aca2f", "size": 8565}, "minecraft/sounds/mob/skeleton/step4.ogg": {"hash": "a89bdd809baa83cacd329f0219bca1f612ccda5a", "size": 8508}, "minecraft/sounds/mob/slime/attack1.ogg": {"hash": "075e1ea92d5564d7bdf267ae975044315a41a686", "size": 7806}, "minecraft/sounds/mob/slime/attack2.ogg": {"hash": "f6e2067571631aae206000a501c9adebe862e32a", "size": 7391}, "minecraft/sounds/mob/slime/big1.ogg": {"hash": "b5eca1979e69271b2065ac67ba2c37b5afac0f98", "size": 10917}, "minecraft/sounds/mob/slime/big2.ogg": {"hash": "00e06362a31ad7094e452c5bcea837b061825cb0", "size": 7931}, "minecraft/sounds/mob/slime/big3.ogg": {"hash": "2c20816632caecf75f00bb968f51847e3a982e75", "size": 9436}, "minecraft/sounds/mob/slime/big4.ogg": {"hash": "c906c18d26550ae15c75e23f2c5066e4fc678c89", "size": 9871}, "minecraft/sounds/mob/slime/small1.ogg": {"hash": "5cde2500773323f7997d75062f8a26afcdf62b2e", "size": 6269}, "minecraft/sounds/mob/slime/small2.ogg": {"hash": "5e2ef521293719bbe22bbb515bbcacf4c233a075", "size": 5518}, "minecraft/sounds/mob/slime/small3.ogg": {"hash": "3bc8225914b1be20db68fcdae202d5acee3234c2", "size": 5314}, "minecraft/sounds/mob/slime/small4.ogg": {"hash": "4dfe0b607c5de2e47f3b7950c56bbebbf3115957", "size": 5387}, "minecraft/sounds/mob/slime/small5.ogg": {"hash": "35f0b3c9c462a6c21ec213fbda2437a0e6427883", "size": 4826}, "minecraft/sounds/mob/spider/death.ogg": {"hash": "4c69a6edc25d973999aa0db2bb46b583a31da278", "size": 14380}, "minecraft/sounds/mob/spider/say1.ogg": {"hash": "65b49739d48ebc47879ca5528c8283329980b304", "size": 9045}, "minecraft/sounds/mob/spider/say2.ogg": {"hash": "501b40b97ee55cb7a97943ee620aa05131089fc2", "size": 7405}, "minecraft/sounds/mob/spider/say3.ogg": {"hash": "f9f79162efa6667b753c1fbb46ff9888e8ce5f32", "size": 7709}, "minecraft/sounds/mob/spider/say4.ogg": {"hash": "3cf3e8d3aab0a3092f6c6bf681ff156bc9653859", "size": 6343}, "minecraft/sounds/mob/spider/step1.ogg": {"hash": "8f7ff84e460ca507f654168f1d24e82637517940", "size": 8826}, "minecraft/sounds/mob/spider/step2.ogg": {"hash": "a8eb0b1ce4abb53334ab75be82dc465135c4a27a", "size": 9695}, "minecraft/sounds/mob/spider/step3.ogg": {"hash": "efa5acfa08b210ba3087b535c40549c0ed8916f0", "size": 9237}, "minecraft/sounds/mob/spider/step4.ogg": {"hash": "7d801582e08be973d1a41469d1b92916278d1e88", "size": 9326}, "minecraft/sounds/mob/villager/death.ogg": {"hash": "97c65b93b9bff839786e23d8cb7c98ef3be4fe2d", "size": 8428}, "minecraft/sounds/mob/villager/haggle1.ogg": {"hash": "57aead4d024109b4ed37dcf4c73ae44ed06f04a8", "size": 7104}, "minecraft/sounds/mob/villager/haggle2.ogg": {"hash": "d14112bd7351ef48f193aa27b4517d4b0960f7b1", "size": 6911}, "minecraft/sounds/mob/villager/haggle3.ogg": {"hash": "4e477f55b9c4875f69cb44a2aabab4b14aefd129", "size": 6891}, "minecraft/sounds/mob/villager/hit1.ogg": {"hash": "101e3535d3f482acb6d1d0259d53d12b25979788", "size": 5843}, "minecraft/sounds/mob/villager/hit2.ogg": {"hash": "1d20194a6b2f883be478830f129e017257374629", "size": 5455}, "minecraft/sounds/mob/villager/hit3.ogg": {"hash": "242114e81d0f4858d91fe06b7e78b86eec3127cd", "size": 5424}, "minecraft/sounds/mob/villager/hit4.ogg": {"hash": "1882f71dee4f377dde08a517adc5f3c585d2d526", "size": 5160}, "minecraft/sounds/mob/villager/idle1.ogg": {"hash": "a772db3c8ac37dfeb3a761854fb96297257930ab", "size": 8605}, "minecraft/sounds/mob/villager/idle2.ogg": {"hash": "5df4a02b1ebc550514841fddb7d64b9c497d40b4", "size": 10948}, "minecraft/sounds/mob/villager/idle3.ogg": {"hash": "9a7fe638bb8b3b1060b3830c63c3ce3d03cdbe1f", "size": 7106}, "minecraft/sounds/mob/villager/no1.ogg": {"hash": "255f7e21123c3647bd80c973e6a73d7854b2a1be", "size": 7715}, "minecraft/sounds/mob/villager/no2.ogg": {"hash": "f224168e178eca861af133c78209b662c4d1e452", "size": 7051}, "minecraft/sounds/mob/villager/no3.ogg": {"hash": "9b8737d639df9e7ef99ceef49ce11df42eea9f12", "size": 8697}, "minecraft/sounds/mob/villager/yes1.ogg": {"hash": "be73a79fb1ab966887a8b88bed9aa6b3d9173d71", "size": 9191}, "minecraft/sounds/mob/villager/yes2.ogg": {"hash": "32317250b0c0ee18ed1e0c4ae3364fa796433b0a", "size": 11025}, "minecraft/sounds/mob/villager/yes3.ogg": {"hash": "893e37d8d608cccd9c2404e785597c6a7c5f3593", "size": 6712}, "minecraft/sounds/mob/wither/death.ogg": {"hash": "ae27c6817985a9acb0a0fdefab89ff5d82dbe009", "size": 62674}, "minecraft/sounds/mob/wither/hurt1.ogg": {"hash": "550da80d936e05a7bfda43ca5d8af5b3779320f1", "size": 16650}, "minecraft/sounds/mob/wither/hurt2.ogg": {"hash": "8072827813f0bffb9847e636245edebb5ddab198", "size": 16744}, "minecraft/sounds/mob/wither/hurt3.ogg": {"hash": "a4cf4ebe4c475cd6a4852d6b4228a4b64cf5cb00", "size": 16731}, "minecraft/sounds/mob/wither/hurt4.ogg": {"hash": "72a006be3bd693aa23cc2f8e9c9d13ea6f829aa1", "size": 16699}, "minecraft/sounds/mob/wither/idle1.ogg": {"hash": "22ed26394cb6f6b5eeb2ceb54fb50608798d19e8", "size": 19699}, "minecraft/sounds/mob/wither/idle2.ogg": {"hash": "6b2f86a35a3cd88320b55c029d77659915f83239", "size": 19332}, "minecraft/sounds/mob/wither/idle3.ogg": {"hash": "79afbeabcdbb063cfa00d544dc00beac8543a581", "size": 19307}, "minecraft/sounds/mob/wither/idle4.ogg": {"hash": "e3f90fb5afaf84475dd31dca6f65378a455d17f7", "size": 19355}, "minecraft/sounds/mob/wither/shoot.ogg": {"hash": "78ee5b46b6615191b7a16d259fcbda273762297e", "size": 11481}, "minecraft/sounds/mob/wither/spawn.ogg": {"hash": "d8caaead680c20a4f51361587aeddd57a3357a72", "size": 151896}, "minecraft/sounds/mob/wolf/bark1.ogg": {"hash": "2452c64a55eaef86bf1b668bb4d5f3b641cd8f25", "size": 5398}, "minecraft/sounds/mob/wolf/bark2.ogg": {"hash": "9f1708a6409d04370ec12d0add015b11abbd5371", "size": 5447}, "minecraft/sounds/mob/wolf/bark3.ogg": {"hash": "1ddae4e8dfa605e27ec8278b3e312597b674437e", "size": 5645}, "minecraft/sounds/mob/wolf/death.ogg": {"hash": "77a5d445ed9ee588846947ac3df63f84be6d569d", "size": 7474}, "minecraft/sounds/mob/wolf/growl1.ogg": {"hash": "0b29f5ce8c4c10fa4184e5d29244f3bc121468a0", "size": 12761}, "minecraft/sounds/mob/wolf/growl2.ogg": {"hash": "f57577fe6915175f9e4576e8d73ad4077a381433", "size": 10311}, "minecraft/sounds/mob/wolf/growl3.ogg": {"hash": "69ef2fe8d6a744689953fd692d0106b0b2d2a9ce", "size": 13663}, "minecraft/sounds/mob/wolf/howl1.ogg": {"hash": "84556bac99c01ad006552cf5d96494817e9b1700", "size": 16994}, "minecraft/sounds/mob/wolf/howl2.ogg": {"hash": "cdb0293c5e2bdbda21798af4e61a4c171c8b1ec0", "size": 18136}, "minecraft/sounds/mob/wolf/hurt1.ogg": {"hash": "71b5fc7aa050892f8c9a9ed2713cc1ad8874742a", "size": 6164}, "minecraft/sounds/mob/wolf/hurt2.ogg": {"hash": "bc2f6a5a1b6646eac1681b7414b098089aedf3c6", "size": 6082}, "minecraft/sounds/mob/wolf/hurt3.ogg": {"hash": "a5b3f3cdda4d6e13629ccd0e2a38e1f06baa491a", "size": 6381}, "minecraft/sounds/mob/wolf/panting.ogg": {"hash": "c2e4001d9ae8fc1f066a914170faad4c45a84e1e", "size": 7380}, "minecraft/sounds/mob/wolf/shake.ogg": {"hash": "3d95ea49e91b4295859b193bb41b009b92250a44", "size": 13502}, "minecraft/sounds/mob/wolf/step1.ogg": {"hash": "b6a62224be809aa0c0747bee94499f0ee51ca2b6", "size": 4777}, "minecraft/sounds/mob/wolf/step2.ogg": {"hash": "4ba55627b6b9ce64b4a48a00c990d5855b6064cf", "size": 4766}, "minecraft/sounds/mob/wolf/step3.ogg": {"hash": "30e920526eb5855065b873e30d17b4d85bfbe570", "size": 4745}, "minecraft/sounds/mob/wolf/step4.ogg": {"hash": "d7d5be6092d00c2f7f68bdcbf10ea3ac3cfea30c", "size": 4869}, "minecraft/sounds/mob/wolf/step5.ogg": {"hash": "3610feb2a1a575026cfa3ab44965d114e74ea583", "size": 5143}, "minecraft/sounds/mob/wolf/whine.ogg": {"hash": "fcf4f90c452b7b511d50e3959ae05036d13a7cf8", "size": 7846}, "minecraft/sounds/mob/zombie/death.ogg": {"hash": "6e0488ab07b9539fbaebc093f194bb6a95b2caec", "size": 9836}, "minecraft/sounds/mob/zombie/hurt1.ogg": {"hash": "f35e14af35d1d12244dac9e655f4e31d4ef84e1b", "size": 11047}, "minecraft/sounds/mob/zombie/hurt2.ogg": {"hash": "bc85d96a99e84a234cbe23841f87e84e71198be3", "size": 11005}, "minecraft/sounds/mob/zombie/infect.ogg": {"hash": "c18fb5eacf0fdb33c05eb806bc41332cccee43d8", "size": 20085}, "minecraft/sounds/mob/zombie/metal1.ogg": {"hash": "d5b2d34e0c07a6c09c1adb17a15e50a626a88bc1", "size": 8632}, "minecraft/sounds/mob/zombie/metal2.ogg": {"hash": "6c5a03460012d7b76c16d0dbaa01c443a6ba094e", "size": 8889}, "minecraft/sounds/mob/zombie/metal3.ogg": {"hash": "322374d89ed809e75005cdc4f6479c959e15aee2", "size": 8843}, "minecraft/sounds/mob/zombie/remedy.ogg": {"hash": "8ed3945df8b9264c6451c153357475482d9f2066", "size": 38114}, "minecraft/sounds/mob/zombie/say1.ogg": {"hash": "b5bc9775243437d87317ab3a66ec8a4d5b96c83d", "size": 16877}, "minecraft/sounds/mob/zombie/say2.ogg": {"hash": "bf5086623d5c6735271074b263116fb914ed79b5", "size": 15423}, "minecraft/sounds/mob/zombie/say3.ogg": {"hash": "7eb3affa45f47f919e74523a55185e65c2081d12", "size": 19806}, "minecraft/sounds/mob/zombie/step1.ogg": {"hash": "9680c9dcd637ddea8e10a0d73705aa155d04a132", "size": 13871}, "minecraft/sounds/mob/zombie/step2.ogg": {"hash": "e8dcca0e494a3f479f58f581c9a8e297cc92f4e7", "size": 12214}, "minecraft/sounds/mob/zombie/step3.ogg": {"hash": "33acf13c25f65a432348e9476eda67d6a34831e3", "size": 11734}, "minecraft/sounds/mob/zombie/step4.ogg": {"hash": "69b6e589ec3d2c9063972545e83ed1f07e665094", "size": 9822}, "minecraft/sounds/mob/zombie/step5.ogg": {"hash": "b88bd8618c05232a7287799ea9246ae12f5da9d5", "size": 14377}, "minecraft/sounds/mob/zombie/unfect.ogg": {"hash": "403c56cd190fb7587a26bcd1b7d2abac598c3ec0", "size": 19917}, "minecraft/sounds/mob/zombie/wood1.ogg": {"hash": "fa73977dd28020544f7fe2553e5604a6865ec1a6", "size": 7761}, "minecraft/sounds/mob/zombie/wood2.ogg": {"hash": "dc86fbd59cf0e87cd35b22df2a2df899ab8c1f7f", "size": 7649}, "minecraft/sounds/mob/zombie/wood3.ogg": {"hash": "8184e851170619de93aa56244fb12c472a2ddd7d", "size": 8090}, "minecraft/sounds/mob/zombie/wood4.ogg": {"hash": "1028d0a373790e14c34786a925c4656bdaeb4c4d", "size": 7608}, "minecraft/sounds/mob/zombie/woodbreak.ogg": {"hash": "4e94ed53b6059d150c3bb2322b4af9ca9514bae1", "size": 10929}, "minecraft/sounds/mob/zombiepig/zpig1.ogg": {"hash": "ec4b0396dd2fc2da8fab91ddc35218d3426349b3", "size": 8536}, "minecraft/sounds/mob/zombiepig/zpig2.ogg": {"hash": "2cbbcdfb97939c469cd4ccaaac74504497c56695", "size": 10038}, "minecraft/sounds/mob/zombiepig/zpig3.ogg": {"hash": "c9f7fa36ae48eca0a1f6ce024fde5d3472d30b4d", "size": 5916}, "minecraft/sounds/mob/zombiepig/zpig4.ogg": {"hash": "e1187646b6256b92a1384f26ef2a7e56efcbe00d", "size": 7066}, "minecraft/sounds/mob/zombiepig/zpigangry1.ogg": {"hash": "cadbc5c34979baab1a93f5cf68a50f9bd44ef5a8", "size": 8946}, "minecraft/sounds/mob/zombiepig/zpigangry2.ogg": {"hash": "0349ce87fe856ddf8fdd94a559bb29061b002b6c", "size": 5789}, "minecraft/sounds/mob/zombiepig/zpigangry3.ogg": {"hash": "e0c88ca054666aae58b89abdcf377eae525aa13e", "size": 9061}, "minecraft/sounds/mob/zombiepig/zpigangry4.ogg": {"hash": "c76dea473821e2ae9a1f006a4eddfdd0703eecdf", "size": 9925}, "minecraft/sounds/mob/zombiepig/zpigdeath.ogg": {"hash": "40b8e244d03ae17483edd4571bd851e10a97050f", "size": 10357}, "minecraft/sounds/mob/zombiepig/zpighurt1.ogg": {"hash": "a2cfbea288280419ec0c8fb75d8ee5395536ac02", "size": 6935}, "minecraft/sounds/mob/zombiepig/zpighurt2.ogg": {"hash": "d1917b9be91d60a40dd0bf804580c1f494e9ae6d", "size": 6245}, "minecraft/sounds/music/game/calm1.ogg": {"hash": "50a59a4f56e4046701b758ddbb1c1587efa4cadf", "size": 2530812}, "minecraft/sounds/music/game/calm2.ogg": {"hash": "74da65c99aa578486efa7b69983d3533e14c0d6e", "size": 1976731}, "minecraft/sounds/music/game/calm3.ogg": {"hash": "14ae57a6bce3d4254daa8be2b098c2d99743cc3f", "size": 2232651}, "minecraft/sounds/music/game/creative/creative1.ogg": {"hash": "3fe4c878450d4dc2bf3ac304e547f20d4efabad8", "size": 4271435}, "minecraft/sounds/music/game/creative/creative2.ogg": {"hash": "591f41a2c5f53bcc60d7ded982fe29e76223a8ca", "size": 3704574}, "minecraft/sounds/music/game/creative/creative3.ogg": {"hash": "4f8c3f9b4f290f63c78bf3bbaad16906a3ccff29", "size": 3834148}, "minecraft/sounds/music/game/creative/creative4.ogg": {"hash": "4664de25eb2bfc88ebbd638cfae6934dd968ceaa", "size": 3668042}, "minecraft/sounds/music/game/creative/creative5.ogg": {"hash": "45cb6cbbff2d7fc1daefbd85b031fd9dcfc70e7b", "size": 5532231}, "minecraft/sounds/music/game/creative/creative6.ogg": {"hash": "6254527d626a2c7d80901cc2e62dce3ba4bd81f6", "size": 5468843}, "minecraft/sounds/music/game/end/boss.ogg": {"hash": "b9eef13c2337a6335c4523858619ca560dff4496", "size": 3329788}, "minecraft/sounds/music/game/end/credits.ogg": {"hash": "27fcacc68bb77f01b23ea9c9d36d9018f8509cdf", "size": 6065908}, "minecraft/sounds/music/game/end/end.ogg": {"hash": "47800737d078e751698df291054adc596ba8195a", "size": 9914930}, "minecraft/sounds/music/game/hal1.ogg": {"hash": "df1ff11b79757432c5c3f279e5ecde7b63ceda64", "size": 1972217}, "minecraft/sounds/music/game/hal2.ogg": {"hash": "ceaaaa1d57dfdfbb0bd4da5ea39628b42897a687", "size": 1754429}, "minecraft/sounds/music/game/hal3.ogg": {"hash": "dd85fb564e96ee2dbd4754f711ae9deb08a169f9", "size": 1923269}, "minecraft/sounds/music/game/hal4.ogg": {"hash": "5e7d63e75c6e042f452bc5e151276911ef92fed8", "size": 2558252}, "minecraft/sounds/music/game/nether/nether1.ogg": {"hash": "71cc853556f7ca5784c9e9fc8e0bd6778d13027b", "size": 2731933}, "minecraft/sounds/music/game/nether/nether2.ogg": {"hash": "5a7ce2181203dd558cbd55d02081b9e95a07f16f", "size": 2783300}, "minecraft/sounds/music/game/nether/nether3.ogg": {"hash": "b0b12118a97ddd733a50e9382e91a21652568641", "size": 2460079}, "minecraft/sounds/music/game/nether/nether4.ogg": {"hash": "e2ee9a161e2d6ea2452e5320edf8b4b01b63e350", "size": 2771287}, "minecraft/sounds/music/game/nuance1.ogg": {"hash": "cc1a80b6becfc6d6489c069f053d0a8adc71c339", "size": 156322}, "minecraft/sounds/music/game/nuance2.ogg": {"hash": "78152dc42b036e0de7616e6e669ce5a81d17f82a", "size": 219029}, "minecraft/sounds/music/game/piano1.ogg": {"hash": "0f374764aafba398f4ba90dba05a53a9e6166138", "size": 542805}, "minecraft/sounds/music/game/piano2.ogg": {"hash": "98a918eb2694defd19726436d4b9dca9e7dd6a65", "size": 824333}, "minecraft/sounds/music/game/piano3.ogg": {"hash": "9528b6a76e7bac64ca1145cc682e8a8448cc04e5", "size": 2665984}, "minecraft/sounds/music/menu/menu1.ogg": {"hash": "c157c56846f0e50620f808fecd9d069423dd6c41", "size": 1744657}, "minecraft/sounds/music/menu/menu2.ogg": {"hash": "783ddccf4681a0c50d3e651f4e6ac27a0f4ea76f", "size": 1809290}, "minecraft/sounds/music/menu/menu3.ogg": {"hash": "87722a59c8d488370f3d430cd4c97a3161081785", "size": 1724614}, "minecraft/sounds/music/menu/menu4.ogg": {"hash": "15f38314274e759c44f50ac641d11bde12474a25", "size": 2017245}, "minecraft/sounds/note/bass.ogg": {"hash": "e28d844995368de1d45c724a5d371c9952ae5ed4", "size": 5479}, "minecraft/sounds/note/bassattack.ogg": {"hash": "037b9fb7f74381f354739d015193dc4a6897f620", "size": 5574}, "minecraft/sounds/note/bd.ogg": {"hash": "1afefaa39a53606d2737bab9cb3409350cb2dc9f", "size": 3850}, "minecraft/sounds/note/harp.ogg": {"hash": "46244605b8663a29cdce7bccc5b2d038241e32ee", "size": 6137}, "minecraft/sounds/note/hat.ogg": {"hash": "fd2b6f745b05a2cf44a4e010f72631de2e5099f6", "size": 3880}, "minecraft/sounds/note/pling.ogg": {"hash": "20d06589bd5ab81a73989bdac8ca59ecd4d66932", "size": 6274}, "minecraft/sounds/note/snare.ogg": {"hash": "6967f0af60f480e81d32f1f8e5f88ccafec3a40c", "size": 3969}, "minecraft/sounds/portal/portal.ogg": {"hash": "9a20be18fed05330f745a54eb8aeba11aac5403b", "size": 25153}, "minecraft/sounds/portal/travel.ogg": {"hash": "43388701fac432a567fe9fec421521e6348ad780", "size": 54283}, "minecraft/sounds/portal/trigger.ogg": {"hash": "301f32642b654addbd06a430768fead464fd24c4", "size": 24992}, "minecraft/sounds/random/anvil_break.ogg": {"hash": "705a155201cc388a0c0c6f7435ddbc0fcc56b5f2", "size": 13741}, "minecraft/sounds/random/anvil_land.ogg": {"hash": "934b16e82b94d5790175615303594f0ec28da4a0", "size": 9210}, "minecraft/sounds/random/anvil_use.ogg": {"hash": "88a792430dfff97582ab49b8dc9477cd9d4e5ebb", "size": 13633}, "minecraft/sounds/random/bow.ogg": {"hash": "87edc11141fb5a045f2ed830b545aaa73f96ee99", "size": 6658}, "minecraft/sounds/random/bowhit1.ogg": {"hash": "78f034d58779fb4d22b00ea249015a0dbf4e7b3f", "size": 11106}, "minecraft/sounds/random/bowhit2.ogg": {"hash": "c3cd0db760c980287b26ef9c0894f66c4250724e", "size": 10640}, "minecraft/sounds/random/bowhit3.ogg": {"hash": "0369a1236a4b9ca219fd3ad7d19d0b5237510b1e", "size": 13252}, "minecraft/sounds/random/bowhit4.ogg": {"hash": "9e5e2369fc354a082c861494cfe8767d327813d4", "size": 15430}, "minecraft/sounds/random/break.ogg": {"hash": "8bf3ecb0fe9a6a615f5995e3dd21b6c39adc21d5", "size": 6551}, "minecraft/sounds/random/breath.ogg": {"hash": "dd2f7209c2a58b0886beb34d49b0512b49adbb7e", "size": 14331}, "minecraft/sounds/random/burp.ogg": {"hash": "bdc648e04933df8ddcccc84b375d6556776d4331", "size": 6337}, "minecraft/sounds/random/chestclosed.ogg": {"hash": "056393a33a9633685c3dc3be2887f5cbd7dbc63f", "size": 7779}, "minecraft/sounds/random/chestopen.ogg": {"hash": "186d5d9481d59cc99bc4be1b5fbb98d0ef877b8e", "size": 8703}, "minecraft/sounds/random/classic_hurt.ogg": {"hash": "9d485556b89bf776042080774679c37300bc744b", "size": 11499}, "minecraft/sounds/random/click.ogg": {"hash": "2fe092579d9637e2d160319820ee08e60a237bb7", "size": 7046}, "minecraft/sounds/random/door_close.ogg": {"hash": "9ea8a9e105321891bda18b9007b383b40aa7c076", "size": 6510}, "minecraft/sounds/random/door_open.ogg": {"hash": "5bb5a04e776d69ca12b1d7bc369975f9bf62e741", "size": 7536}, "minecraft/sounds/random/drink.ogg": {"hash": "857b75738992d25e338dee640ab191323bcbf798", "size": 7734}, "minecraft/sounds/random/eat1.ogg": {"hash": "dfee39084c771182f6b9e7cfb8c8bc4e255747bc", "size": 5678}, "minecraft/sounds/random/eat2.ogg": {"hash": "d26bde554d88f0ca156baf471c44ce2c0e68176c", "size": 5677}, "minecraft/sounds/random/eat3.ogg": {"hash": "9f2c4bab5ed55f1714fffa223985c81babc8f6c0", "size": 5813}, "minecraft/sounds/random/explode1.ogg": {"hash": "cd46e41023887558b134547e28327de6e7df189a", "size": 19732}, "minecraft/sounds/random/explode2.ogg": {"hash": "a116e396d95a0ee245000dd4cdcc333d38ea9e3b", "size": 25246}, "minecraft/sounds/random/explode3.ogg": {"hash": "a94a69e56568f5789cab05382cfd81f601189fd1", "size": 25298}, "minecraft/sounds/random/explode4.ogg": {"hash": "f259be40364341edcaf88e339bc24ab01e49845a", "size": 25090}, "minecraft/sounds/random/fizz.ogg": {"hash": "c649e60ea9a99c97501a50d2dc4e579343e91ea8", "size": 17002}, "minecraft/sounds/random/fuse.ogg": {"hash": "a92ba2b8f6abc41aa8d679ad808a81d0aafa04b2", "size": 29271}, "minecraft/sounds/random/glass1.ogg": {"hash": "7274a2231ed4544a37e599b7b014e589e5377094", "size": 7443}, "minecraft/sounds/random/glass2.ogg": {"hash": "87c47bda3645c68f18a49e83cbf06e5302d087ff", "size": 7532}, "minecraft/sounds/random/glass3.ogg": {"hash": "ad7d770b7fff3b64121f75bd60cecfc4866d1cd6", "size": 7592}, "minecraft/sounds/random/levelup.ogg": {"hash": "b9c60e807ba770e8c4a2b1bae81d51813dc64b6c", "size": 15799}, "minecraft/sounds/random/orb.ogg": {"hash": "e9833a1512b57bcf88ac4fdcc8df4e5a7e9d701d", "size": 7139}, "minecraft/sounds/random/pop.ogg": {"hash": "8f45b5faf6dfae2065846d26612f7552b73640dd", "size": 4193}, "minecraft/sounds/random/splash.ogg": {"hash": "22a491f266f5c3cdd6e669a9493daaf40c9c8575", "size": 11333}, "minecraft/sounds/random/successful_hit.ogg": {"hash": "e9833a1512b57bcf88ac4fdcc8df4e5a7e9d701d", "size": 7139}, "minecraft/sounds/random/wood_click.ogg": {"hash": "b210a3c371441b77fe873133b2cb7b63e367b2f3", "size": 4385}, "minecraft/sounds/records/11.ogg": {"hash": "f86c466225dad2f32c90981485c1965671b3e8e6", "size": 591997}, "minecraft/sounds/records/13.ogg": {"hash": "9cbed0e40296f68c61090c9b81816061e068a0ec", "size": 1071028}, "minecraft/sounds/records/blocks.ogg": {"hash": "9b2a01e0d0456b8fbe33557fbc19d4fe342f94d6", "size": 2587419}, "minecraft/sounds/records/cat.ogg": {"hash": "d1eb3d2e39bf1f6289cfcbca44e1c9bb508b20f0", "size": 1286636}, "minecraft/sounds/records/chirp.ogg": {"hash": "ec8a2cbdf68b4e2136098ec33695e1c53625ddb8", "size": 1379756}, "minecraft/sounds/records/far.ogg": {"hash": "f46c38e7d6d7b19d5d68aa18b557215738deb36a", "size": 1285938}, "minecraft/sounds/records/mall.ogg": {"hash": "83233451430516d839eaee855a2f789b8985d457", "size": 1430016}, "minecraft/sounds/records/mellohi.ogg": {"hash": "6b44d0539073353b7a05330ccddc5735ba5efca4", "size": 663709}, "minecraft/sounds/records/stal.ogg": {"hash": "2c4f3f8f259dc782867727311fea30875ecc3917", "size": 1180789}, "minecraft/sounds/records/strad.ogg": {"hash": "f34afa3ba5f756e90a1f61023bbe069ee8442608", "size": 1558180}, "minecraft/sounds/records/wait.ogg": {"hash": "876655d1691803f4cef17a6288d971285be79c6a", "size": 1845255}, "minecraft/sounds/records/ward.ogg": {"hash": "f685021d4f26d6b590bffb341908e25e92e18cef", "size": 1987588}, "minecraft/sounds/step/cloth1.ogg": {"hash": "5fd568d724ba7d53911b6cccf5636f859d2662e8", "size": 4832}, "minecraft/sounds/step/cloth2.ogg": {"hash": "56c1d0ac0de2265018b2c41cb571cc6631101484", "size": 4862}, "minecraft/sounds/step/cloth3.ogg": {"hash": "9c63f2a3681832dc32d206f6830360bfe94b5bfc", "size": 4897}, "minecraft/sounds/step/cloth4.ogg": {"hash": "55da1856e77cfd31a7e8c3d358e1f856c5583198", "size": 4844}, "minecraft/sounds/step/grass1.ogg": {"hash": "227ab99bf7c6cf0b2002e0f7957d0ff7e5cb0c96", "size": 7126}, "minecraft/sounds/step/grass2.ogg": {"hash": "5c971029d9284676dce1dda2c9d202f8c47163b2", "size": 8131}, "minecraft/sounds/step/grass3.ogg": {"hash": "76de0a736928eac5003691d73bdc2eda92116198", "size": 7013}, "minecraft/sounds/step/grass4.ogg": {"hash": "bc28801224a0aa77fdc93bb7c6c94beacdf77331", "size": 7377}, "minecraft/sounds/step/grass5.ogg": {"hash": "813ebd91b9c3fe1ac8f89f13c85d0755678f2165", "size": 7801}, "minecraft/sounds/step/grass6.ogg": {"hash": "b88cafe403394cdcd4de0e3aeb7b76f24170c6fe", "size": 7709}, "minecraft/sounds/step/gravel1.ogg": {"hash": "1d761cb3bcb45498719e4fba0751e1630e134f1a", "size": 7757}, "minecraft/sounds/step/gravel2.ogg": {"hash": "ac7a7c8d106e26abc775b1b46150c083825d8ddc", "size": 7921}, "minecraft/sounds/step/gravel3.ogg": {"hash": "c109b985a7e6d5d3828c92e00aefa49deca0eb8c", "size": 7488}, "minecraft/sounds/step/gravel4.ogg": {"hash": "a47adece748059294c5f563c0fcac02fa0e4bab4", "size": 8075}, "minecraft/sounds/step/ladder1.ogg": {"hash": "d6212a1d5feb88d76b9a83ce5a27ab4e6d4c20bb", "size": 6021}, "minecraft/sounds/step/ladder2.ogg": {"hash": "fd446ad40d24edfe4fb789a6065276e164ea4b61", "size": 6125}, "minecraft/sounds/step/ladder3.ogg": {"hash": "3fee58d7b2c99ddbce962618176637574ae8d67b", "size": 6281}, "minecraft/sounds/step/ladder4.ogg": {"hash": "f78ede81160002fc0561218c7ecd97e91cccab7c", "size": 6182}, "minecraft/sounds/step/ladder5.ogg": {"hash": "e9a1caaddcde79cdac7aa8eabde50d4cfd1bc578", "size": 6077}, "minecraft/sounds/step/sand1.ogg": {"hash": "9813c8185197f4a4296649f27a9d738c4a6dfc78", "size": 5123}, "minecraft/sounds/step/sand2.ogg": {"hash": "bd1750c016f6bab40934eff0b0fb64c41c86e44b", "size": 5114}, "minecraft/sounds/step/sand3.ogg": {"hash": "ab07279288fa49215bada5c17627e6a54ad0437c", "size": 5144}, "minecraft/sounds/step/sand4.ogg": {"hash": "a474236fb0c75bd65a6010e87dbc000d345fc185", "size": 5321}, "minecraft/sounds/step/sand5.ogg": {"hash": "9fd6d2c633d276b952f2ff2aaa1fa7e5fb5efd2a", "size": 5182}, "minecraft/sounds/step/snow1.ogg": {"hash": "e9bab7d3d15541f0aaa93fad31ad37fd07e03a6c", "size": 6532}, "minecraft/sounds/step/snow2.ogg": {"hash": "5887d10234c4f244ec5468080412f3e6ef9522f3", "size": 6567}, "minecraft/sounds/step/snow3.ogg": {"hash": "a4bc069321a96236fde04a3820664cc23b2ea619", "size": 6540}, "minecraft/sounds/step/snow4.ogg": {"hash": "e26fa3036cdab4c2264ceb19e1cd197a2a510227", "size": 6501}, "minecraft/sounds/step/stone1.ogg": {"hash": "4a2e3795ffd4d3aab0834b7e41903af3a8f7d197", "size": 8012}, "minecraft/sounds/step/stone2.ogg": {"hash": "22a383d9c22342305a4f16fec0bb479a885f8da2", "size": 7086}, "minecraft/sounds/step/stone3.ogg": {"hash": "a533e7ae975e62592de868e0d0572778614bd587", "size": 6631}, "minecraft/sounds/step/stone4.ogg": {"hash": "d5218034051a13322d7b5efc0b5a9af739615f04", "size": 7520}, "minecraft/sounds/step/stone5.ogg": {"hash": "48dd05ab2e4626d74206c2b09a628a3d59ce15e9", "size": 7752}, "minecraft/sounds/step/stone6.ogg": {"hash": "c4810a3de80cb57f9cdf8deaacfd36cb619cdf0b", "size": 8178}, "minecraft/sounds/step/wood1.ogg": {"hash": "afb01196e2179e3b15b48f3373cea4c155d56b84", "size": 8985}, "minecraft/sounds/step/wood2.ogg": {"hash": "1e82a43c30cf8fcbe05d0bc2760ecba5d2320314", "size": 9150}, "minecraft/sounds/step/wood3.ogg": {"hash": "27722125968ac60c0f191a961b17e406f1351c6e", "size": 9368}, "minecraft/sounds/step/wood4.ogg": {"hash": "29586f60bfe6f521dbc748919d4f0dc5b28beefd", "size": 9651}, "minecraft/sounds/step/wood5.ogg": {"hash": "85ff970401cb1ef2e812f943077ab96549315d0a", "size": 11520}, "minecraft/sounds/step/wood6.ogg": {"hash": "944bc8b8e1e135340dc4afc6d3416a01222674a1", "size": 9093}, "minecraft/sounds/tile/piston/in.ogg": {"hash": "594be3eaea9a2b92095eeeb3b1e01e755dcb8ce2", "size": 5900}, "minecraft/sounds/tile/piston/out.ogg": {"hash": "cb017131516de9359cb81fb991f5b3694044f8db", "size": 6059}, "pack.mcmeta": {"hash": "4fd07421acc4fb19088908f0c40b38cd4ad26f48", "size": 10995}, "realms/lang/af_ZA.lang": {"hash": "b81c9d77126abec7d7cc2ebb7491e25b6b861670", "size": 7528}, "realms/lang/ar_SA.lang": {"hash": "4b3ecb81a2136dd4dc6a32120224dace03ea465c", "size": 9353}, "realms/lang/ast_ES.lang": {"hash": "3f0a1aea8af9451493927ecb8a18997881ad0e2f", "size": 7608}, "realms/lang/az_AZ.lang": {"hash": "8a0664c68ad24590ad5836fe237f41275df25b5d", "size": 3933}, "realms/lang/bg_BG.lang": {"hash": "b09ad1252f8d849367a1a7455cd97493287aefa7", "size": 10371}, "realms/lang/ca_ES.lang": {"hash": "cc96acd7c25af238059cbab1107648f8964648b6", "size": 7793}, "realms/lang/cs_CZ.lang": {"hash": "332edac716a96977e2bb5a7995b7139dac08edda", "size": 7703}, "realms/lang/cy_GB.lang": {"hash": "7b52463b2df4685d2d82c5d257fd5ec79843d618", "size": 7688}, "realms/lang/da_DK.lang": {"hash": "9795a729f333a3bbb269959fc21bde2731c474fc", "size": 7547}, "realms/lang/de_DE.lang": {"hash": "729b2c09d5c588787b23127eeda2730f9c039194", "size": 7784}, "realms/lang/el_GR.lang": {"hash": "f2e1dc557bcea55b34430723dfb4e33120a2dda0", "size": 11517}, "realms/lang/en_AU.lang": {"hash": "37fb8e6e0b534c33bdaabb8d083c48a323858e8c", "size": 7522}, "realms/lang/en_CA.lang": {"hash": "cb94fec6672af40f5418fec044d32990ee96d7b9", "size": 7292}, "realms/lang/en_GB.lang": {"hash": "c2d8994702c664a9bedd4f1961c585507752c7d2", "size": 7276}, "realms/lang/en_PT.lang": {"hash": "f300aa5e8f7b943f9b8e2a901e2d4fb8f7b83295", "size": 7780}, "realms/lang/eo_UY.lang": {"hash": "710afa6f2c33e1b7de74c260f1258337c19e6779", "size": 7480}, "realms/lang/es_AR.lang": {"hash": "acfe947c1219eb7493130442ef184dc8025e8191", "size": 7554}, "realms/lang/es_ES.lang": {"hash": "f3f2bc5d9de49c43f1d65ddcfc4619ea43095d13", "size": 7767}, "realms/lang/es_MX.lang": {"hash": "de6c2b919476b9ba40a81fa54cc149cfcc1e25ac", "size": 7700}, "realms/lang/es_UY.lang": {"hash": "2dcc88a24fcc775602cb622006b02862d865def8", "size": 7694}, "realms/lang/es_VE.lang": {"hash": "8a1963013018a8f53d6a72376a5b265c0d2e5ec7", "size": 7699}, "realms/lang/et_EE.lang": {"hash": "720c15d04d7be115daf19b024a37b498b6f7730e", "size": 7477}, "realms/lang/eu_ES.lang": {"hash": "a448ca104c51d6934dd669ddac2ef03c0d35695f", "size": 7839}, "realms/lang/fa_IR.lang": {"hash": "017c25f046e93918d0591bdd9628eb767494c8fd", "size": 9468}, "realms/lang/fi_FI.lang": {"hash": "131da513b18868576c3eed5c3921a36c6fa15e45", "size": 7425}, "realms/lang/fil_PH.lang": {"hash": "fde655cdabb7140e657ed69315579c210c43031e", "size": 7991}, "realms/lang/fr_CA.lang": {"hash": "edf3b3dd02931f1630c3663c6d5082a71da4fe9c", "size": 8187}, "realms/lang/fr_FR.lang": {"hash": "5633f7496870e805b35ca06777de782f49160347", "size": 8045}, "realms/lang/ga_IE.lang": {"hash": "f57f766c0266d36d7fa8efb006aaa95fcd645a36", "size": 8146}, "realms/lang/gl_ES.lang": {"hash": "e6cbbdefe6ce1fa4d5eb3387b097e1c24b3258ab", "size": 7621}, "realms/lang/gv_IM.lang": {"hash": "8a0e1c7158c4c610eda89658128fe6cc7d6d8110", "size": 6140}, "realms/lang/he_IL.lang": {"hash": "2bc6dcd491a02649614e5ffee81958b1e8bdf813", "size": 8564}, "realms/lang/hi_IN.lang": {"hash": "8c791963f3d67ee14e3f084da3d7a14c2b99fc6c", "size": 7305}, "realms/lang/hr_HR.lang": {"hash": "ddd313e9466974aff2b0e39edd819954edaa63f1", "size": 7513}, "realms/lang/hu_HU.lang": {"hash": "022b14caa9cdc6d43bec35792b9be19e3ad7c909", "size": 8071}, "realms/lang/hy_AM.lang": {"hash": "685f29bcdcc62c0c58f4d137d30fcc40123411f4", "size": 4397}, "realms/lang/id_ID.lang": {"hash": "8a6901092669cae60fa67c2a62c5e9c4548fd056", "size": 7650}, "realms/lang/is_IS.lang": {"hash": "c75f27495baf4b0374fcece255d665d1cbbbebbd", "size": 7615}, "realms/lang/it_IT.lang": {"hash": "74d3924ddd105231713694303a9c7ce070b58f9a", "size": 7683}, "realms/lang/ja_JP.lang": {"hash": "c5cc8bd843d90b8ab4fec12a1ab023c1c1ce7afb", "size": 8727}, "realms/lang/ka_GE.lang": {"hash": "84fa71ecc0af0dba3f20afa2d59e428c304367c6", "size": 12877}, "realms/lang/ko_KR.lang": {"hash": "66464e3f372f6abd434a27fbff7c03a729ebe9ac", "size": 8024}, "realms/lang/kw_GB.lang": {"hash": "ac61acec46bb72c4e11b3fbe8317bd593d3c2120", "size": 3021}, "realms/lang/la_LA.lang": {"hash": "4ccb3009e24e1cc0bffe18f544e6fc7ae3cd3b64", "size": 7289}, "realms/lang/lb_LU.lang": {"hash": "a7602156ac3a8a41e42b833fefafbe80f9914fd5", "size": 7825}, "realms/lang/lt_LT.lang": {"hash": "3f41ed39706e90a4babec03798387b38028be639", "size": 8113}, "realms/lang/lv_LV.lang": {"hash": "147c0bfa040f23f8ffa6a0fe649d7d8f8c8aa303", "size": 7943}, "realms/lang/mi_NZ.lang": {"hash": "16f20c44b1662917db565be399caf1d68e020430", "size": 73}, "realms/lang/ms_MY.lang": {"hash": "158ecc0a1b876b4f3c020288e492b2b7cddbd343", "size": 7791}, "realms/lang/mt_MT.lang": {"hash": "5f839c343f353936498507a4f3da78ebf69182d0", "size": 7824}, "realms/lang/nds_DE.lang": {"hash": "84e6480d18c99ad57099ae117a2f028c412bbb2b", "size": 7546}, "realms/lang/nl_NL.lang": {"hash": "5c2894bb6941070ff3a014004326cc05dda28901", "size": 7704}, "realms/lang/nn_NO.lang": {"hash": "8349f016bd3d5b42f45dc12d7e0adfb300e245c3", "size": 7594}, "realms/lang/no_NO.lang": {"hash": "bc4277498220c42b9b6266310c3616793aa17ae3", "size": 7555}, "realms/lang/oc_FR.lang": {"hash": "431d3ec2c3a969d30f982dda71ff3e9cec17d399", "size": 8051}, "realms/lang/pl_PL.lang": {"hash": "d914f93e28eea9d7ccc225064c74147d993142b8", "size": 7779}, "realms/lang/pt_BR.lang": {"hash": "a568ea57eeca8e9494837d7eda1ea2ed362186cc", "size": 7702}, "realms/lang/pt_PT.lang": {"hash": "1c5095ce89d18162efa0cb42a5a91f8b4d970449", "size": 7845}, "realms/lang/qya_AA.lang": {"hash": "89e887e58fb533f7dcbbbcafabbe1e8051a4c6ca", "size": 188}, "realms/lang/ro_RO.lang": {"hash": "9e17737e7bc35766f674bf4b56be14a119fd09f5", "size": 7785}, "realms/lang/ru_RU.lang": {"hash": "23e46a6151e9ef8cf970df137f914ecfedef97f7", "size": 10417}, "realms/lang/sk_SK.lang": {"hash": "6a69ee43b781f9b05d9965da7a7dd1adb9d3d4b4", "size": 7716}, "realms/lang/sl_SI.lang": {"hash": "78ffefc12f41ac971ee33ba5f30bc1a12788bb9e", "size": 7655}, "realms/lang/sr_SP.lang": {"hash": "9b84cea77437d7af38d50695543791cc5d9908ae", "size": 9826}, "realms/lang/sv_SE.lang": {"hash": "b7312c5ef37ea6e0f7b51c18c9a53d53da0c9468", "size": 7617}, "realms/lang/th_TH.lang": {"hash": "908cb8d352d2456ba427530dc242ff6dfa319780", "size": 12281}, "realms/lang/tlh_AA.lang": {"hash": "d304de107112235ae44caf7f856f8bc668909146", "size": 723}, "realms/lang/tr_TR.lang": {"hash": "6d2d486beeecb68f3f1d0d884a11f47097e59457", "size": 7911}, "realms/lang/uk_UA.lang": {"hash": "eeb9546344f37e2b8b48d0c7a173d677443aba4e", "size": 10220}, "realms/lang/val_ES.lang": {"hash": "bd27bbd59ddc25ae24e1e5102b43ec7abe66fc3d", "size": 7720}, "realms/lang/vi_VN.lang": {"hash": "c73ea4893d2b64c11036209e7782e7fb005934ef", "size": 8997}, "realms/lang/zh_CN.lang": {"hash": "ceae6cbd84813981937687c00b911ba385416fd6", "size": 7268}, "realms/lang/zh_TW.lang": {"hash": "07711734555b8c1c1e0f1555f9090309a69a3a1b", "size": 7258}}}