{"map_to_resources": true, "objects": {"READ_ME_I_AM_VERY_IMPORTANT": {"hash": "0d000710b71ca9aafabd8f587768431d0b560b32", "size": 546}, "icons/icon_16x16.png": {"hash": "bdf48ef6b5d0d23bbb02e17d04865216179f510a", "size": 3665}, "icons/icon_32x32.png": {"hash": "92750c5f93c312ba9ab413d546f32190c56d6f1f", "size": 5362}, "icons/minecraft.icns": {"hash": "991b421dfd401f115241601b2b373140a8d78572", "size": 114786}, "music/calm1.ogg": {"hash": "50a59a4f56e4046701b758ddbb1c1587efa4cadf", "size": 2530812}, "music/calm2.ogg": {"hash": "74da65c99aa578486efa7b69983d3533e14c0d6e", "size": 1976731}, "music/calm3.ogg": {"hash": "14ae57a6bce3d4254daa8be2b098c2d99743cc3f", "size": 2232651}, "newmusic/hal1.ogg": {"hash": "df1ff11b79757432c5c3f279e5ecde7b63ceda64", "size": 1972217}, "newmusic/hal2.ogg": {"hash": "ceaaaa1d57dfdfbb0bd4da5ea39628b42897a687", "size": 1754429}, "newmusic/hal3.ogg": {"hash": "dd85fb564e96ee2dbd4754f711ae9deb08a169f9", "size": 1923269}, "newmusic/hal4.ogg": {"hash": "5e7d63e75c6e042f452bc5e151276911ef92fed8", "size": 2558252}, "newmusic/nuance1.ogg": {"hash": "cc1a80b6becfc6d6489c069f053d0a8adc71c339", "size": 156322}, "newmusic/nuance2.ogg": {"hash": "78152dc42b036e0de7616e6e669ce5a81d17f82a", "size": 219029}, "newmusic/piano1.ogg": {"hash": "0f374764aafba398f4ba90dba05a53a9e6166138", "size": 542805}, "newmusic/piano2.ogg": {"hash": "98a918eb2694defd19726436d4b9dca9e7dd6a65", "size": 824333}, "newmusic/piano3.ogg": {"hash": "9528b6a76e7bac64ca1145cc682e8a8448cc04e5", "size": 2665984}, "newsound/ambient/cave/cave1.ogg": {"hash": "29d4dccf3353334c7aa2a49cb6fed3780a51a1ba", "size": 33948}, "newsound/ambient/cave/cave10.ogg": {"hash": "79a5b53bf22cca182ddff2a670942c49867663ec", "size": 22725}, "newsound/ambient/cave/cave11.ogg": {"hash": "e367d1dfa1ce07374e0aeaecbfb1526142a0dcc1", "size": 36963}, "newsound/ambient/cave/cave12.ogg": {"hash": "a720e85e35be0dc3186d01cc599121b87e7ee9f7", "size": 21193}, "newsound/ambient/cave/cave13.ogg": {"hash": "63bbe3921abd75b9f6cd1e20330360d164da169b", "size": 29512}, "newsound/ambient/cave/cave2.ogg": {"hash": "5680749048457f5772ec95a73d856ad792fa1717", "size": 48741}, "newsound/ambient/cave/cave3.ogg": {"hash": "d4b06ccb8e331ece734f51d84a0a5fbc7164d8be", "size": 50958}, "newsound/ambient/cave/cave4.ogg": {"hash": "48540d7788ce3d9e780cb448ce5676c53dbcfd23", "size": 49499}, "newsound/ambient/cave/cave5.ogg": {"hash": "18a992d93128bb2e2861930cff3140c6940c0127", "size": 67196}, "newsound/ambient/cave/cave6.ogg": {"hash": "cf23204a9cca2ac7f9674168cc063cfb4dbe001f", "size": 42176}, "newsound/ambient/cave/cave7.ogg": {"hash": "c8dd60f7e7087da52a431c1dbc0f397317b374fb", "size": 45278}, "newsound/ambient/cave/cave8.ogg": {"hash": "9024de3f1dd4bc1e8f445c7c5b812f25c7e31bf6", "size": 49295}, "newsound/ambient/cave/cave9.ogg": {"hash": "b463fa47816fe9a5dfe508093150e647403e4db6", "size": 27096}, "newsound/ambient/weather/rain1.ogg": {"hash": "d68bae1949299ccd8297aaa423dd12e041e83773", "size": 13185}, "newsound/ambient/weather/rain2.ogg": {"hash": "ba58e1b6c8cc814a210db268d3e59a06b7ac62be", "size": 13301}, "newsound/ambient/weather/rain3.ogg": {"hash": "4cdd8fc380e85409fd94b93abdcad077d75ec58f", "size": 13322}, "newsound/ambient/weather/rain4.ogg": {"hash": "08e555782cb2785b24e08a417a5e58aa08bd0695", "size": 13955}, "newsound/ambient/weather/thunder1.ogg": {"hash": "671ef0ae7b59014a2f637d7af6d781324ab6309f", "size": 24468}, "newsound/ambient/weather/thunder2.ogg": {"hash": "a20cbf2ddce541eaed520d7ec55665fe97428be6", "size": 25571}, "newsound/ambient/weather/thunder3.ogg": {"hash": "9ead5c928f9122e3c2f5fc4f6ce7fb4054a2b578", "size": 27653}, "newsound/damage/fallbig1.ogg": {"hash": "f76d4efd860b599200e96401b2485cc83c1ec21e", "size": 11207}, "newsound/damage/fallbig2.ogg": {"hash": "c7c9e86e3ccc55ea2312a498aef861def771d8cf", "size": 8766}, "newsound/damage/fallsmall.ogg": {"hash": "6094b6620f2d1f2d19869a2e6498a52b1a265738", "size": 7640}, "newsound/damage/hurtflesh1.ogg": {"hash": "e40695b47209c3b4bbdc3496b38959d097c6afbc", "size": 8981}, "newsound/damage/hurtflesh2.ogg": {"hash": "4e1651a728b394e054aaa24e3070e7dae849f14d", "size": 9818}, "newsound/damage/hurtflesh3.ogg": {"hash": "4b49dd9329b254e38f17166b7daa51a758a25f94", "size": 10390}, "newsound/fire/fire.ogg": {"hash": "8b260108a73470c16cd244325242d4780cfb7d78", "size": 28689}, "newsound/fire/ignite.ogg": {"hash": "19c729c3ceb753a824246b494bce5fa5c802f0f0", "size": 7000}, "newsound/liquid/lava.ogg": {"hash": "17e66efe64256142c55ef6f35060f277f127bb44", "size": 45349}, "newsound/liquid/lavapop.ogg": {"hash": "19a5aae31c3e0018a960b709a9f0240d8d47dda7", "size": 5609}, "newsound/liquid/splash.ogg": {"hash": "22a491f266f5c3cdd6e669a9493daaf40c9c8575", "size": 11333}, "newsound/liquid/water.ogg": {"hash": "3483650440deb3934255e044ddabff5b01a65356", "size": 36329}, "newsound/mob/blaze/breathe1.ogg": {"hash": "4e398c518ae706ad4d90afd6914f748faf18a7b5", "size": 22308}, "newsound/mob/blaze/breathe2.ogg": {"hash": "c74368d2b978f570b4e7ce9645fd84b07f8f145c", "size": 22547}, "newsound/mob/blaze/breathe3.ogg": {"hash": "24d643885f9b83d8f034f49e2c5e00e70d4f175a", "size": 21883}, "newsound/mob/blaze/breathe4.ogg": {"hash": "78d544a240d627005aaef6033fd646eafc66fe7a", "size": 22054}, "newsound/mob/blaze/death.ogg": {"hash": "17491c8dd9511e9d848c92b4b7ae047aed164072", "size": 30155}, "newsound/mob/blaze/hit1.ogg": {"hash": "cb1cf4b405d930ad27f09ea39d6a64f35fc13308", "size": 7189}, "newsound/mob/blaze/hit2.ogg": {"hash": "00b38fae5d28d99514a3e73a913af16359b12b7a", "size": 7356}, "newsound/mob/blaze/hit3.ogg": {"hash": "97e09d51c82b78ab82fb3a4dbbb8cd701b2d0aeb", "size": 7229}, "newsound/mob/blaze/hit4.ogg": {"hash": "3f447f3e331b59ad014d9bd4a6536f98cf3a08c3", "size": 7383}, "newsound/mob/cat/hiss1.ogg": {"hash": "9d2202fce7908dcc5b5c8758c5cd517d863d4dd3", "size": 14666}, "newsound/mob/cat/hiss2.ogg": {"hash": "063bf0fce35c547eb59f086dbb56c5fe329cbcf4", "size": 13451}, "newsound/mob/cat/hiss3.ogg": {"hash": "c7e424eb00712614a183adf5d17b949175ff00df", "size": 13708}, "newsound/mob/cat/hitt1.ogg": {"hash": "28409652d939d2489d8b5317d51abb873821f0f4", "size": 7595}, "newsound/mob/cat/hitt2.ogg": {"hash": "ce499da6ec5dd226d50843890ca09f16018aff9a", "size": 9180}, "newsound/mob/cat/hitt3.ogg": {"hash": "3d98b4b7c37a09101da00d8a3078e0acba6558f4", "size": 7371}, "newsound/mob/cat/meow1.ogg": {"hash": "5fdf1bd80b204245af760042d2e546d87666e288", "size": 9820}, "newsound/mob/cat/meow2.ogg": {"hash": "9853be18df1a5b2642e33ba05e71bfd5099f9f04", "size": 9349}, "newsound/mob/cat/meow3.ogg": {"hash": "381f9e97a8a986ecab3e86431d6be6df5ff79c31", "size": 9526}, "newsound/mob/cat/meow4.ogg": {"hash": "4bf7c7a08c1217de7b1f0faf82429665fbf18458", "size": 9560}, "newsound/mob/cat/purr1.ogg": {"hash": "315512d6027033c2a279841badb40a26d74efc81", "size": 27911}, "newsound/mob/cat/purr2.ogg": {"hash": "847ec719ee91e28d7bf58ab39a5d8d6bd5728314", "size": 28974}, "newsound/mob/cat/purr3.ogg": {"hash": "eed7a9305f5879448bb94355f25279b4aac403b6", "size": 34965}, "newsound/mob/cat/purreow1.ogg": {"hash": "d00791807e913e57d58fd891cb4dd10186cfdf38", "size": 11787}, "newsound/mob/cat/purreow2.ogg": {"hash": "08573a1f11058b09c5855122dff47ceb209f771e", "size": 12237}, "newsound/mob/chicken1.ogg": {"hash": "74e5422bd83bb2041a6f0d09644bc095c0e9e21a", "size": 7956}, "newsound/mob/chicken2.ogg": {"hash": "3660e743db2bbbcff0866d3f1e606882f1aeb6ac", "size": 9476}, "newsound/mob/chicken3.ogg": {"hash": "49874e07369c3bb0bc8a2fba4f2096d2e9a36c9a", "size": 7080}, "newsound/mob/chickenhurt1.ogg": {"hash": "31b52151bf2a6fa35d2d2aa72f832285d9e7d70d", "size": 7740}, "newsound/mob/chickenhurt2.ogg": {"hash": "18752157f5d8718e2752805a657c74a73d2b88db", "size": 6177}, "newsound/mob/chickenplop.ogg": {"hash": "ab5a32b70ef1e7aafc550b20afdb7dc8c0d5d901", "size": 4680}, "newsound/mob/cow1.ogg": {"hash": "1298f4526580c8f10812253e7d9130ce4afc3a1e", "size": 13214}, "newsound/mob/cow2.ogg": {"hash": "00b1a23c84bc7f7377de973040b2dd336670bb8f", "size": 13372}, "newsound/mob/cow3.ogg": {"hash": "f75617763129506ae7220ed16cdff7a8084eebb3", "size": 16616}, "newsound/mob/cow4.ogg": {"hash": "e0bba792682878ee208a54184df9e2e8044f2815", "size": 12233}, "newsound/mob/cowhurt1.ogg": {"hash": "2c849f4b6ec1cf084ac84d57ec90779266b23ae8", "size": 6616}, "newsound/mob/cowhurt2.ogg": {"hash": "be0be76687eab152334a35fdb76e6ab4455bfaef", "size": 6542}, "newsound/mob/cowhurt3.ogg": {"hash": "87eceaa08df660cd1d4dadf7d1c64a6f7125dacb", "size": 6739}, "newsound/mob/creeper1.ogg": {"hash": "74771428c2aa2acbd30638c6706867053bad64d3", "size": 6647}, "newsound/mob/creeper2.ogg": {"hash": "c46c7d2a84749bfcbcf576aea0d66fd3deccba31", "size": 6768}, "newsound/mob/creeper3.ogg": {"hash": "0979bf115d081d70a985f1cfcab1b9274d6be74e", "size": 6787}, "newsound/mob/creeper4.ogg": {"hash": "85c860ea8c55984bf6cabb75354c78f3a603f98d", "size": 7111}, "newsound/mob/creeperdeath.ogg": {"hash": "fbc1b2c89c5c781e30d702b2885be3f485105869", "size": 13005}, "newsound/mob/endermen/death.ogg": {"hash": "d04dd6d1f050353ef9e3ba9c45f407f831903c69", "size": 16232}, "newsound/mob/endermen/hit1.ogg": {"hash": "753a88c1d9b3b46210c18ff07974955463edd18b", "size": 6883}, "newsound/mob/endermen/hit2.ogg": {"hash": "cf60aefd0b742c3fa15e808c1a0c33aebd534cc5", "size": 6491}, "newsound/mob/endermen/hit3.ogg": {"hash": "aaa8f1705c873ebc05da460657c8b83fa01ffd57", "size": 6564}, "newsound/mob/endermen/hit4.ogg": {"hash": "6e0f9074e049a6c30402d70cc75a5da99042e00c", "size": 5573}, "newsound/mob/endermen/idle1.ogg": {"hash": "281b87984ddf8e94324bc86911a36c971cb3d831", "size": 6793}, "newsound/mob/endermen/idle2.ogg": {"hash": "9c7aaf49b3096a69a2d6ca62c1067400a2b70814", "size": 8236}, "newsound/mob/endermen/idle3.ogg": {"hash": "bc4c2e76d3b5a0e6f9d5837fe82ed26e808aa918", "size": 10073}, "newsound/mob/endermen/idle4.ogg": {"hash": "405e2f82caef7f79eb9e26886520711e446366ce", "size": 11208}, "newsound/mob/endermen/idle5.ogg": {"hash": "e746ec4574aaa047be3076729753c2c75fd34630", "size": 9108}, "newsound/mob/endermen/portal.ogg": {"hash": "7b4b5323ef066caa1ae43cbe66fffd9dfce4ed32", "size": 10010}, "newsound/mob/endermen/portal2.ogg": {"hash": "35461b6a4253db40973549e82d91f267c686be85", "size": 7442}, "newsound/mob/endermen/scream1.ogg": {"hash": "c4b5265bbafbe058347058a257abe33a0afb5ab7", "size": 11231}, "newsound/mob/endermen/scream2.ogg": {"hash": "c8cd465468a0fd41a1d5cc24cb499862b5ade2cb", "size": 11020}, "newsound/mob/endermen/scream3.ogg": {"hash": "dbab0094299eacbce86ad427edcb34b8342861af", "size": 9843}, "newsound/mob/endermen/scream4.ogg": {"hash": "bcc73584d83225383aaa6affce905392c96afe86", "size": 10411}, "newsound/mob/endermen/stare.ogg": {"hash": "5738d7f49ef30adcfc4f2ab13e0b1d74f09a1289", "size": 127738}, "newsound/mob/ghast/affectionate scream.ogg": {"hash": "99cd73dda425ee03836c2274a0fcf331139773dc", "size": 9367}, "newsound/mob/ghast/charge.ogg": {"hash": "6f1d403f47725af0f4c42a74cfec00ff59153160", "size": 13415}, "newsound/mob/ghast/death.ogg": {"hash": "725e5179c72444c6d885e39c27e6b31ed83d58bc", "size": 26853}, "newsound/mob/ghast/fireball4.ogg": {"hash": "eafa60d7ec34f86e8f07a001ddcdf5c4600bb174", "size": 8535}, "newsound/mob/ghast/moan1.ogg": {"hash": "882d092b05faef1cfa6af43d642b9e8843f22756", "size": 7986}, "newsound/mob/ghast/moan2.ogg": {"hash": "02073c284f025653e55f9cde25a4a62723d395fa", "size": 8909}, "newsound/mob/ghast/moan3.ogg": {"hash": "dcec2d45fbc25f74a399ec9f8001e0ecd2d5d85e", "size": 8925}, "newsound/mob/ghast/moan4.ogg": {"hash": "935f1a575322bd0ec53a919fd061321216889104", "size": 9393}, "newsound/mob/ghast/moan5.ogg": {"hash": "48fc6c25d0f1c1f0edd4eaca2b6f934d4117f440", "size": 14107}, "newsound/mob/ghast/moan6.ogg": {"hash": "b3f91f243eceaa25cff7488ec2dac732e22cfec3", "size": 18305}, "newsound/mob/ghast/moan7.ogg": {"hash": "cfb956ba9d26cbdacd16ef77d58764df783b2c7f", "size": 9222}, "newsound/mob/ghast/scream1.ogg": {"hash": "a0e62d86e5899405df4e796fe648e091d828691d", "size": 10828}, "newsound/mob/ghast/scream2.ogg": {"hash": "57008a7f564443d563968fd040fc13ab226fc8d1", "size": 11455}, "newsound/mob/ghast/scream3.ogg": {"hash": "8f23820fa28830dd031188c20acb35af044aedb5", "size": 9399}, "newsound/mob/ghast/scream4.ogg": {"hash": "edbc9e9cb9dfeabef93207fc0bdee6ceee5df7bc", "size": 12220}, "newsound/mob/ghast/scream5.ogg": {"hash": "77a7b79d4f2ada27640866ece1020b631f5bdc54", "size": 11650}, "newsound/mob/irongolem/death.ogg": {"hash": "770b3f1feb05b9b941d858eb72b9d04ffc5d52c9", "size": 17766}, "newsound/mob/irongolem/hit1.ogg": {"hash": "942937fcad0fefd61e019678e3710f3f077757d4", "size": 9479}, "newsound/mob/irongolem/hit2.ogg": {"hash": "bb92fd6971430a515f508a6734392511385826e1", "size": 9140}, "newsound/mob/irongolem/hit3.ogg": {"hash": "27c78cd09f7fd1770a41d78247ccf57c77dbc773", "size": 8947}, "newsound/mob/irongolem/hit4.ogg": {"hash": "a2dbb90f23b0babe7c569ceca28db49d0c112714", "size": 8686}, "newsound/mob/irongolem/throw.ogg": {"hash": "607d51883e137d5d423dde865232ab1ee78f2694", "size": 5316}, "newsound/mob/irongolem/walk1.ogg": {"hash": "4e3e9f37c1e0c12c2993d25c28b89e2f0797ba5a", "size": 7064}, "newsound/mob/irongolem/walk2.ogg": {"hash": "356fdb6192cf96aa5d5d9c76413f412f6a4d66a4", "size": 6945}, "newsound/mob/irongolem/walk3.ogg": {"hash": "e0672d288b09996f7c7e1a0ca696de82b7a02d18", "size": 6883}, "newsound/mob/irongolem/walk4.ogg": {"hash": "88ae6c906f8f94add2fe904b59c94e844bbcef9a", "size": 7021}, "newsound/mob/magmacube/big1.ogg": {"hash": "430c65ac81151d873a27d611a9dff6c562e38c4f", "size": 10917}, "newsound/mob/magmacube/big2.ogg": {"hash": "4c4bcc6905430286f32a862ce69665c51bd9938f", "size": 7931}, "newsound/mob/magmacube/big3.ogg": {"hash": "d5c4316d30feef5213077e3ee24a7f52c5bf6735", "size": 9436}, "newsound/mob/magmacube/big4.ogg": {"hash": "a63fd7965328425a0a8111640de19428d841933e", "size": 9871}, "newsound/mob/magmacube/jump1.ogg": {"hash": "86a2a7206c769aaa9435aabba70be201cb3e3a6b", "size": 12540}, "newsound/mob/magmacube/jump2.ogg": {"hash": "3285a993220dcea1fc37e98b9aa9219422c2c095", "size": 12973}, "newsound/mob/magmacube/jump3.ogg": {"hash": "5a2449cc3d4a6ad36598847e501f956e5a3528bd", "size": 12258}, "newsound/mob/magmacube/jump4.ogg": {"hash": "500e2543034b4c026fb175d48c47196c5d013fe8", "size": 12902}, "newsound/mob/magmacube/small1.ogg": {"hash": "5c633c345fe4cb87c36ada2fe2b5da1b80601cf3", "size": 6269}, "newsound/mob/magmacube/small2.ogg": {"hash": "18237686efcaa1bf9084173c99d11ce0d37d4fc5", "size": 5518}, "newsound/mob/magmacube/small3.ogg": {"hash": "65a1a69845133187d6b8689e6ce9707da10f21a6", "size": 5314}, "newsound/mob/magmacube/small4.ogg": {"hash": "a485082ed0820eeeb9df13f84f26b14744ceeb2a", "size": 5387}, "newsound/mob/magmacube/small5.ogg": {"hash": "560dd97e6da8badbc8ac00b28c45312e60a525f2", "size": 4826}, "newsound/mob/pig1.ogg": {"hash": "a99bf88163bcb576e31e6e2275145afba6d1b4c7", "size": 5645}, "newsound/mob/pig2.ogg": {"hash": "ab615a912fb8ea06648836e0ec1cbeeefe117da6", "size": 6798}, "newsound/mob/pig3.ogg": {"hash": "58efedf302e0203a6ff9e59a6535d300286c5594", "size": 5602}, "newsound/mob/pigdeath.ogg": {"hash": "4bc87ab869e17732a20c7518a327136baf5b2c26", "size": 13694}, "newsound/mob/sheep1.ogg": {"hash": "a3ffeaa0a75b8d2bdc949c181a6f8db78f8976ca", "size": 9784}, "newsound/mob/sheep2.ogg": {"hash": "1cfd864cbda555477ed9523e640de0d234c18858", "size": 8875}, "newsound/mob/sheep3.ogg": {"hash": "c9ac72409cbe6093e84d72a2a5c719d9e4a0e6b2", "size": 9150}, "newsound/mob/silverfish/hit1.ogg": {"hash": "84c3b008dc1d5e0dd5e8ad85a06eca29f0591e48", "size": 7371}, "newsound/mob/silverfish/hit2.ogg": {"hash": "38d4d36bbe40a48c3a8ef97735b59b37f013fd6e", "size": 6717}, "newsound/mob/silverfish/hit3.ogg": {"hash": "5b1675279bbc245fc6bbb705de8ea09fb3f32b53", "size": 7205}, "newsound/mob/silverfish/kill.ogg": {"hash": "24cdac5a80fdad7ab31dc0695b57ece55aecb21a", "size": 10410}, "newsound/mob/silverfish/say1.ogg": {"hash": "515dffc5d6dd216550d69e61b2eb9c3593b19a20", "size": 6584}, "newsound/mob/silverfish/say2.ogg": {"hash": "396b8b46e593cf55d843853b704dc054ef614e55", "size": 9782}, "newsound/mob/silverfish/say3.ogg": {"hash": "e7f0f24c2c9f4bf83286b17109580d3e845d19e3", "size": 7060}, "newsound/mob/silverfish/say4.ogg": {"hash": "4fce41a2d0890418ae1efb03d1142ca74d00aa61", "size": 6394}, "newsound/mob/silverfish/step1.ogg": {"hash": "763cc79934a572b84c371cb49afad5912f29d2f1", "size": 8382}, "newsound/mob/silverfish/step2.ogg": {"hash": "f1665747da14569c4de55e07884deeef18a40f62", "size": 9498}, "newsound/mob/silverfish/step3.ogg": {"hash": "47ad81223bcec870206484cd4d1a6202871df331", "size": 9308}, "newsound/mob/silverfish/step4.ogg": {"hash": "a342f566600caf73464323b20b7770b5b9b7893a", "size": 8842}, "newsound/mob/skeleton1.ogg": {"hash": "199c9f150822950385b9bc1d840605a6a795bd27", "size": 8727}, "newsound/mob/skeleton2.ogg": {"hash": "529abcb09220f0ebeb595f32bb663d026a7e0ae5", "size": 8485}, "newsound/mob/skeleton3.ogg": {"hash": "a11ac56ec61c17e99f4ee33d8712404edf442720", "size": 8161}, "newsound/mob/skeletondeath.ogg": {"hash": "a795e9a7721927282befc085e4e397a6379e3004", "size": 8264}, "newsound/mob/skeletonhurt1.ogg": {"hash": "f7e8ae3a771d50ed827772b75c50958393b621e1", "size": 7180}, "newsound/mob/skeletonhurt2.ogg": {"hash": "a12f98ac001492ff596b5da9e6297b3be98f9149", "size": 7414}, "newsound/mob/skeletonhurt3.ogg": {"hash": "647c46f5704b3be0b7159961e1bc51721a33dfd5", "size": 8046}, "newsound/mob/skeletonhurt4.ogg": {"hash": "0f3a7e5a20119853986d2cfae22ca3a46926ac76", "size": 7758}, "newsound/mob/slime1.ogg": {"hash": "d49ab3ceb3f6212d64580f0d906fa9880a674c6d", "size": 6281}, "newsound/mob/slime2.ogg": {"hash": "525700bc06b6f0f8afc3fb542977cef617196ccf", "size": 5506}, "newsound/mob/slime3.ogg": {"hash": "087e5fa84e7c961778397a0d938bde1e49dd3beb", "size": 5335}, "newsound/mob/slime4.ogg": {"hash": "ca1b7de8bb9ce92f2f044c6a98c99d7bf92b7184", "size": 5408}, "newsound/mob/slime5.ogg": {"hash": "24bae598320bf757fd6937a93f135f5cdba206ba", "size": 4854}, "newsound/mob/slimeattack1.ogg": {"hash": "075e1ea92d5564d7bdf267ae975044315a41a686", "size": 7806}, "newsound/mob/slimeattack2.ogg": {"hash": "f6e2067571631aae206000a501c9adebe862e32a", "size": 7391}, "newsound/mob/spider1.ogg": {"hash": "65b49739d48ebc47879ca5528c8283329980b304", "size": 9045}, "newsound/mob/spider2.ogg": {"hash": "501b40b97ee55cb7a97943ee620aa05131089fc2", "size": 7405}, "newsound/mob/spider3.ogg": {"hash": "f9f79162efa6667b753c1fbb46ff9888e8ce5f32", "size": 7709}, "newsound/mob/spider4.ogg": {"hash": "3cf3e8d3aab0a3092f6c6bf681ff156bc9653859", "size": 6343}, "newsound/mob/spiderdeath.ogg": {"hash": "4c69a6edc25d973999aa0db2bb46b583a31da278", "size": 14380}, "newsound/mob/wolf/bark1.ogg": {"hash": "2452c64a55eaef86bf1b668bb4d5f3b641cd8f25", "size": 5398}, "newsound/mob/wolf/bark2.ogg": {"hash": "9f1708a6409d04370ec12d0add015b11abbd5371", "size": 5447}, "newsound/mob/wolf/bark3.ogg": {"hash": "1ddae4e8dfa605e27ec8278b3e312597b674437e", "size": 5645}, "newsound/mob/wolf/death.ogg": {"hash": "77a5d445ed9ee588846947ac3df63f84be6d569d", "size": 7474}, "newsound/mob/wolf/growl1.ogg": {"hash": "0b29f5ce8c4c10fa4184e5d29244f3bc121468a0", "size": 12761}, "newsound/mob/wolf/growl2.ogg": {"hash": "f57577fe6915175f9e4576e8d73ad4077a381433", "size": 10311}, "newsound/mob/wolf/growl3.ogg": {"hash": "69ef2fe8d6a744689953fd692d0106b0b2d2a9ce", "size": 13663}, "newsound/mob/wolf/howl1.ogg": {"hash": "84556bac99c01ad006552cf5d96494817e9b1700", "size": 16994}, "newsound/mob/wolf/howl2.ogg": {"hash": "cdb0293c5e2bdbda21798af4e61a4c171c8b1ec0", "size": 18136}, "newsound/mob/wolf/hurt1.ogg": {"hash": "71b5fc7aa050892f8c9a9ed2713cc1ad8874742a", "size": 6164}, "newsound/mob/wolf/hurt2.ogg": {"hash": "bc2f6a5a1b6646eac1681b7414b098089aedf3c6", "size": 6082}, "newsound/mob/wolf/hurt3.ogg": {"hash": "a5b3f3cdda4d6e13629ccd0e2a38e1f06baa491a", "size": 6381}, "newsound/mob/wolf/panting.ogg": {"hash": "c2e4001d9ae8fc1f066a914170faad4c45a84e1e", "size": 7380}, "newsound/mob/wolf/shake.ogg": {"hash": "3d95ea49e91b4295859b193bb41b009b92250a44", "size": 13502}, "newsound/mob/wolf/whine.ogg": {"hash": "fcf4f90c452b7b511d50e3959ae05036d13a7cf8", "size": 7846}, "newsound/mob/zombie/metal1.ogg": {"hash": "d5b2d34e0c07a6c09c1adb17a15e50a626a88bc1", "size": 8632}, "newsound/mob/zombie/metal2.ogg": {"hash": "6c5a03460012d7b76c16d0dbaa01c443a6ba094e", "size": 8889}, "newsound/mob/zombie/metal3.ogg": {"hash": "322374d89ed809e75005cdc4f6479c959e15aee2", "size": 8843}, "newsound/mob/zombie/wood1.ogg": {"hash": "fa73977dd28020544f7fe2553e5604a6865ec1a6", "size": 7761}, "newsound/mob/zombie/wood2.ogg": {"hash": "dc86fbd59cf0e87cd35b22df2a2df899ab8c1f7f", "size": 7649}, "newsound/mob/zombie/wood3.ogg": {"hash": "8184e851170619de93aa56244fb12c472a2ddd7d", "size": 8090}, "newsound/mob/zombie/wood4.ogg": {"hash": "1028d0a373790e14c34786a925c4656bdaeb4c4d", "size": 7608}, "newsound/mob/zombie/woodbreak.ogg": {"hash": "4e94ed53b6059d150c3bb2322b4af9ca9514bae1", "size": 10929}, "newsound/mob/zombie1.ogg": {"hash": "b5bc9775243437d87317ab3a66ec8a4d5b96c83d", "size": 16877}, "newsound/mob/zombie2.ogg": {"hash": "bf5086623d5c6735271074b263116fb914ed79b5", "size": 15423}, "newsound/mob/zombie3.ogg": {"hash": "7eb3affa45f47f919e74523a55185e65c2081d12", "size": 19806}, "newsound/mob/zombiedeath.ogg": {"hash": "6e0488ab07b9539fbaebc093f194bb6a95b2caec", "size": 9836}, "newsound/mob/zombiehurt1.ogg": {"hash": "f35e14af35d1d12244dac9e655f4e31d4ef84e1b", "size": 11047}, "newsound/mob/zombiehurt2.ogg": {"hash": "bc85d96a99e84a234cbe23841f87e84e71198be3", "size": 11005}, "newsound/mob/zombiepig/zpig1.ogg": {"hash": "ec4b0396dd2fc2da8fab91ddc35218d3426349b3", "size": 8536}, "newsound/mob/zombiepig/zpig2.ogg": {"hash": "2cbbcdfb97939c469cd4ccaaac74504497c56695", "size": 10038}, "newsound/mob/zombiepig/zpig3.ogg": {"hash": "c9f7fa36ae48eca0a1f6ce024fde5d3472d30b4d", "size": 5916}, "newsound/mob/zombiepig/zpig4.ogg": {"hash": "e1187646b6256b92a1384f26ef2a7e56efcbe00d", "size": 7066}, "newsound/mob/zombiepig/zpigangry1.ogg": {"hash": "cadbc5c34979baab1a93f5cf68a50f9bd44ef5a8", "size": 8946}, "newsound/mob/zombiepig/zpigangry2.ogg": {"hash": "0349ce87fe856ddf8fdd94a559bb29061b002b6c", "size": 5789}, "newsound/mob/zombiepig/zpigangry3.ogg": {"hash": "e0c88ca054666aae58b89abdcf377eae525aa13e", "size": 9061}, "newsound/mob/zombiepig/zpigangry4.ogg": {"hash": "c76dea473821e2ae9a1f006a4eddfdd0703eecdf", "size": 9925}, "newsound/mob/zombiepig/zpigdeath.ogg": {"hash": "40b8e244d03ae17483edd4571bd851e10a97050f", "size": 10357}, "newsound/mob/zombiepig/zpighurt1.ogg": {"hash": "a2cfbea288280419ec0c8fb75d8ee5395536ac02", "size": 6935}, "newsound/mob/zombiepig/zpighurt2.ogg": {"hash": "d1917b9be91d60a40dd0bf804580c1f494e9ae6d", "size": 6245}, "newsound/note/bass.ogg": {"hash": "e28d844995368de1d45c724a5d371c9952ae5ed4", "size": 5479}, "newsound/note/bassattack.ogg": {"hash": "037b9fb7f74381f354739d015193dc4a6897f620", "size": 5574}, "newsound/note/bd.ogg": {"hash": "1afefaa39a53606d2737bab9cb3409350cb2dc9f", "size": 3850}, "newsound/note/harp.ogg": {"hash": "46244605b8663a29cdce7bccc5b2d038241e32ee", "size": 6137}, "newsound/note/hat.ogg": {"hash": "fd2b6f745b05a2cf44a4e010f72631de2e5099f6", "size": 3880}, "newsound/note/pling.ogg": {"hash": "20d06589bd5ab81a73989bdac8ca59ecd4d66932", "size": 6274}, "newsound/note/snare.ogg": {"hash": "6967f0af60f480e81d32f1f8e5f88ccafec3a40c", "size": 3969}, "newsound/portal/portal.ogg": {"hash": "9a20be18fed05330f745a54eb8aeba11aac5403b", "size": 25153}, "newsound/portal/travel.ogg": {"hash": "43388701fac432a567fe9fec421521e6348ad780", "size": 54283}, "newsound/portal/trigger.ogg": {"hash": "301f32642b654addbd06a430768fead464fd24c4", "size": 24992}, "newsound/random/bow.ogg": {"hash": "87edc11141fb5a045f2ed830b545aaa73f96ee99", "size": 6658}, "newsound/random/bowhit1.ogg": {"hash": "78f034d58779fb4d22b00ea249015a0dbf4e7b3f", "size": 11106}, "newsound/random/bowhit2.ogg": {"hash": "c3cd0db760c980287b26ef9c0894f66c4250724e", "size": 10640}, "newsound/random/bowhit3.ogg": {"hash": "0369a1236a4b9ca219fd3ad7d19d0b5237510b1e", "size": 13252}, "newsound/random/bowhit4.ogg": {"hash": "9e5e2369fc354a082c861494cfe8767d327813d4", "size": 15430}, "newsound/random/break.ogg": {"hash": "8bf3ecb0fe9a6a615f5995e3dd21b6c39adc21d5", "size": 6551}, "newsound/random/breath.ogg": {"hash": "dd2f7209c2a58b0886beb34d49b0512b49adbb7e", "size": 14331}, "newsound/random/burp.ogg": {"hash": "bdc648e04933df8ddcccc84b375d6556776d4331", "size": 6337}, "newsound/random/chestclosed.ogg": {"hash": "056393a33a9633685c3dc3be2887f5cbd7dbc63f", "size": 7779}, "newsound/random/chestopen.ogg": {"hash": "186d5d9481d59cc99bc4be1b5fbb98d0ef877b8e", "size": 8703}, "newsound/random/click.ogg": {"hash": "2fe092579d9637e2d160319820ee08e60a237bb7", "size": 7046}, "newsound/random/door_close.ogg": {"hash": "9ea8a9e105321891bda18b9007b383b40aa7c076", "size": 6510}, "newsound/random/door_open.ogg": {"hash": "5bb5a04e776d69ca12b1d7bc369975f9bf62e741", "size": 7536}, "newsound/random/drink.ogg": {"hash": "857b75738992d25e338dee640ab191323bcbf798", "size": 7734}, "newsound/random/drr.ogg": {"hash": "40a5a4307c1a2a5a1b9f71254275689845374104", "size": 12966}, "newsound/random/eat1.ogg": {"hash": "dfee39084c771182f6b9e7cfb8c8bc4e255747bc", "size": 5678}, "newsound/random/eat2.ogg": {"hash": "d26bde554d88f0ca156baf471c44ce2c0e68176c", "size": 5677}, "newsound/random/eat3.ogg": {"hash": "9f2c4bab5ed55f1714fffa223985c81babc8f6c0", "size": 5813}, "newsound/random/explode1.ogg": {"hash": "cd46e41023887558b134547e28327de6e7df189a", "size": 19732}, "newsound/random/explode2.ogg": {"hash": "a116e396d95a0ee245000dd4cdcc333d38ea9e3b", "size": 25246}, "newsound/random/explode3.ogg": {"hash": "a94a69e56568f5789cab05382cfd81f601189fd1", "size": 25298}, "newsound/random/explode4.ogg": {"hash": "f259be40364341edcaf88e339bc24ab01e49845a", "size": 25090}, "newsound/random/fizz.ogg": {"hash": "c649e60ea9a99c97501a50d2dc4e579343e91ea8", "size": 17002}, "newsound/random/fuse.ogg": {"hash": "a92ba2b8f6abc41aa8d679ad808a81d0aafa04b2", "size": 29271}, "newsound/random/glass1.ogg": {"hash": "7274a2231ed4544a37e599b7b014e589e5377094", "size": 7443}, "newsound/random/glass2.ogg": {"hash": "87c47bda3645c68f18a49e83cbf06e5302d087ff", "size": 7532}, "newsound/random/glass3.ogg": {"hash": "ad7d770b7fff3b64121f75bd60cecfc4866d1cd6", "size": 7592}, "newsound/random/hurt.ogg": {"hash": "9d485556b89bf776042080774679c37300bc744b", "size": 11499}, "newsound/random/levelup.ogg": {"hash": "9d52e43288d7f9e4d14199368a0f30ae3570d05a", "size": 32140}, "newsound/random/old_explode.ogg": {"hash": "9e22b5aeec31de99410b682cc161a6096a1cd00a", "size": 12808}, "newsound/random/orb.ogg": {"hash": "e9833a1512b57bcf88ac4fdcc8df4e5a7e9d701d", "size": 7139}, "newsound/random/pop.ogg": {"hash": "8f45b5faf6dfae2065846d26612f7552b73640dd", "size": 4193}, "newsound/random/splash.ogg": {"hash": "22a491f266f5c3cdd6e669a9493daaf40c9c8575", "size": 11333}, "newsound/random/wood click.ogg": {"hash": "b210a3c371441b77fe873133b2cb7b63e367b2f3", "size": 4385}, "newsound/step/cloth1.ogg": {"hash": "5fd568d724ba7d53911b6cccf5636f859d2662e8", "size": 4832}, "newsound/step/cloth2.ogg": {"hash": "56c1d0ac0de2265018b2c41cb571cc6631101484", "size": 4862}, "newsound/step/cloth3.ogg": {"hash": "9c63f2a3681832dc32d206f6830360bfe94b5bfc", "size": 4897}, "newsound/step/cloth4.ogg": {"hash": "55da1856e77cfd31a7e8c3d358e1f856c5583198", "size": 4844}, "newsound/step/grass1.ogg": {"hash": "41cbf5dd08e951ad65883854e74d2e034929f572", "size": 7468}, "newsound/step/grass2.ogg": {"hash": "86cb1bb0c45625b18e00a64098cd425a38f6d3f2", "size": 7691}, "newsound/step/grass3.ogg": {"hash": "f7d7e5c7089c9b45fa5d1b31542eb455fad995db", "size": 7194}, "newsound/step/grass4.ogg": {"hash": "c7b1005d4926f6a2e2387a41ab1fb48a72f18e98", "size": 7163}, "newsound/step/gravel1.ogg": {"hash": "e8b89f316f3e9989a87f6e6ff12db9abe0f8b09f", "size": 6851}, "newsound/step/gravel2.ogg": {"hash": "c3b3797d04cb9640e1d3a72d5e96edb410388fa3", "size": 7501}, "newsound/step/gravel3.ogg": {"hash": "48f7e1bb098abd36b9760cca27b9d4391a23de26", "size": 6905}, "newsound/step/gravel4.ogg": {"hash": "7bf3553a4fe41a0078f4988a13d6e1ed8663ef4c", "size": 6728}, "newsound/step/sand1.ogg": {"hash": "9e59c3650c6c3fc0a475f1b753b2fcfef430bf81", "size": 5543}, "newsound/step/sand2.ogg": {"hash": "0fa4234797f336ada4e3735e013e44d1099afe57", "size": 5553}, "newsound/step/sand3.ogg": {"hash": "c75589cc0087069f387de127dd1499580498738e", "size": 5552}, "newsound/step/sand4.ogg": {"hash": "37afa06f97d58767a1cd1382386db878be1532dd", "size": 5491}, "newsound/step/snow1.ogg": {"hash": "e9bab7d3d15541f0aaa93fad31ad37fd07e03a6c", "size": 6532}, "newsound/step/snow2.ogg": {"hash": "5887d10234c4f244ec5468080412f3e6ef9522f3", "size": 6567}, "newsound/step/snow3.ogg": {"hash": "a4bc069321a96236fde04a3820664cc23b2ea619", "size": 6540}, "newsound/step/snow4.ogg": {"hash": "e26fa3036cdab4c2264ceb19e1cd197a2a510227", "size": 6501}, "newsound/step/stone1.ogg": {"hash": "4e094ed8dfa98656d8fec52a7d20c5ee6098b6ad", "size": 6695}, "newsound/step/stone2.ogg": {"hash": "9c92f697142ae320584bf64c0d54381d59703528", "size": 6728}, "newsound/step/stone3.ogg": {"hash": "8f23c02475d388b23e5faa680eafe6b991d7a9d4", "size": 6627}, "newsound/step/stone4.ogg": {"hash": "363545a76277e5e47538b2dd3a0d6aa4f7a87d34", "size": 6516}, "newsound/step/wood1.ogg": {"hash": "9bc2a84d0aa98113fc52609976fae8fc88ea6333", "size": 6541}, "newsound/step/wood2.ogg": {"hash": "98102533e6085617a2962157b4f3658f59aea018", "size": 6294}, "newsound/step/wood3.ogg": {"hash": "45b2aef7b5049e81b39b58f8d631563fadcc778b", "size": 6604}, "newsound/step/wood4.ogg": {"hash": "dc66978374a46ab2b87db6472804185824868095", "size": 6817}, "newsound/tile/piston/in.ogg": {"hash": "594be3eaea9a2b92095eeeb3b1e01e755dcb8ce2", "size": 5900}, "newsound/tile/piston/out.ogg": {"hash": "cb017131516de9359cb81fb991f5b3694044f8db", "size": 6059}, "pack.mcmeta": {"hash": "c253af2f3e7178fa16a3278cc604c6bee1926add", "size": 104}, "pe/humble.png": {"hash": "99dc14908ec25fd5628fd98ad214acb59fedfb0f", "size": 35003}, "sound/step/grass1.ogg": {"hash": "41cbf5dd08e951ad65883854e74d2e034929f572", "size": 7468}, "sound/step/grass2.ogg": {"hash": "86cb1bb0c45625b18e00a64098cd425a38f6d3f2", "size": 7691}, "sound/step/grass3.ogg": {"hash": "f7d7e5c7089c9b45fa5d1b31542eb455fad995db", "size": 7194}, "sound/step/grass4.ogg": {"hash": "c7b1005d4926f6a2e2387a41ab1fb48a72f18e98", "size": 7163}, "sound/step/gravel1.ogg": {"hash": "e8b89f316f3e9989a87f6e6ff12db9abe0f8b09f", "size": 6851}, "sound/step/gravel2.ogg": {"hash": "c3b3797d04cb9640e1d3a72d5e96edb410388fa3", "size": 7501}, "sound/step/gravel3.ogg": {"hash": "48f7e1bb098abd36b9760cca27b9d4391a23de26", "size": 6905}, "sound/step/gravel4.ogg": {"hash": "7bf3553a4fe41a0078f4988a13d6e1ed8663ef4c", "size": 6728}, "sound/step/stone1.ogg": {"hash": "4e094ed8dfa98656d8fec52a7d20c5ee6098b6ad", "size": 6695}, "sound/step/stone2.ogg": {"hash": "9c92f697142ae320584bf64c0d54381d59703528", "size": 6728}, "sound/step/stone3.ogg": {"hash": "8f23c02475d388b23e5faa680eafe6b991d7a9d4", "size": 6627}, "sound/step/stone4.ogg": {"hash": "363545a76277e5e47538b2dd3a0d6aa4f7a87d34", "size": 6516}, "sound/step/wood1.ogg": {"hash": "9bc2a84d0aa98113fc52609976fae8fc88ea6333", "size": 6541}, "sound/step/wood2.ogg": {"hash": "98102533e6085617a2962157b4f3658f59aea018", "size": 6294}, "sound/step/wood3.ogg": {"hash": "45b2aef7b5049e81b39b58f8d631563fadcc778b", "size": 6604}, "sound/step/wood4.ogg": {"hash": "dc66978374a46ab2b87db6472804185824868095", "size": 6817}, "sound3/ambient/cave/cave1.ogg": {"hash": "29d4dccf3353334c7aa2a49cb6fed3780a51a1ba", "size": 33948}, "sound3/ambient/cave/cave10.ogg": {"hash": "79a5b53bf22cca182ddff2a670942c49867663ec", "size": 22725}, "sound3/ambient/cave/cave11.ogg": {"hash": "e367d1dfa1ce07374e0aeaecbfb1526142a0dcc1", "size": 36963}, "sound3/ambient/cave/cave12.ogg": {"hash": "a720e85e35be0dc3186d01cc599121b87e7ee9f7", "size": 21193}, "sound3/ambient/cave/cave13.ogg": {"hash": "63bbe3921abd75b9f6cd1e20330360d164da169b", "size": 29512}, "sound3/ambient/cave/cave2.ogg": {"hash": "5680749048457f5772ec95a73d856ad792fa1717", "size": 48741}, "sound3/ambient/cave/cave3.ogg": {"hash": "d4b06ccb8e331ece734f51d84a0a5fbc7164d8be", "size": 50958}, "sound3/ambient/cave/cave4.ogg": {"hash": "48540d7788ce3d9e780cb448ce5676c53dbcfd23", "size": 49499}, "sound3/ambient/cave/cave5.ogg": {"hash": "18a992d93128bb2e2861930cff3140c6940c0127", "size": 67196}, "sound3/ambient/cave/cave6.ogg": {"hash": "cf23204a9cca2ac7f9674168cc063cfb4dbe001f", "size": 42176}, "sound3/ambient/cave/cave7.ogg": {"hash": "c8dd60f7e7087da52a431c1dbc0f397317b374fb", "size": 45278}, "sound3/ambient/cave/cave8.ogg": {"hash": "9024de3f1dd4bc1e8f445c7c5b812f25c7e31bf6", "size": 49295}, "sound3/ambient/cave/cave9.ogg": {"hash": "b463fa47816fe9a5dfe508093150e647403e4db6", "size": 27096}, "sound3/ambient/weather/rain1.ogg": {"hash": "d68bae1949299ccd8297aaa423dd12e041e83773", "size": 13185}, "sound3/ambient/weather/rain2.ogg": {"hash": "ba58e1b6c8cc814a210db268d3e59a06b7ac62be", "size": 13301}, "sound3/ambient/weather/rain3.ogg": {"hash": "4cdd8fc380e85409fd94b93abdcad077d75ec58f", "size": 13322}, "sound3/ambient/weather/rain4.ogg": {"hash": "08e555782cb2785b24e08a417a5e58aa08bd0695", "size": 13955}, "sound3/ambient/weather/thunder1.ogg": {"hash": "671ef0ae7b59014a2f637d7af6d781324ab6309f", "size": 24468}, "sound3/ambient/weather/thunder2.ogg": {"hash": "a20cbf2ddce541eaed520d7ec55665fe97428be6", "size": 25571}, "sound3/ambient/weather/thunder3.ogg": {"hash": "9ead5c928f9122e3c2f5fc4f6ce7fb4054a2b578", "size": 27653}, "sound3/damage/fallbig.ogg": {"hash": "1d183c36f596e85c4fb564ff2667332211e49659", "size": 6079}, "sound3/damage/fallsmall.ogg": {"hash": "09236e1a725cec0229b8c564f5b3e4fe05cd7a5f", "size": 5232}, "sound3/damage/hit1.ogg": {"hash": "8760ebb9d4b1fe9457ef272324ecd6b4329a593e", "size": 6539}, "sound3/damage/hit2.ogg": {"hash": "144867e8792415e2873293f06ecce85cd32bb4e8", "size": 6227}, "sound3/damage/hit3.ogg": {"hash": "c73dcedde5031fcf242b08b3405f63098cd70641", "size": 7660}, "sound3/dig/cloth1.ogg": {"hash": "5fd568d724ba7d53911b6cccf5636f859d2662e8", "size": 4832}, "sound3/dig/cloth2.ogg": {"hash": "56c1d0ac0de2265018b2c41cb571cc6631101484", "size": 4862}, "sound3/dig/cloth3.ogg": {"hash": "9c63f2a3681832dc32d206f6830360bfe94b5bfc", "size": 4897}, "sound3/dig/cloth4.ogg": {"hash": "55da1856e77cfd31a7e8c3d358e1f856c5583198", "size": 4844}, "sound3/dig/grass1.ogg": {"hash": "41cbf5dd08e951ad65883854e74d2e034929f572", "size": 7468}, "sound3/dig/grass2.ogg": {"hash": "86cb1bb0c45625b18e00a64098cd425a38f6d3f2", "size": 7691}, "sound3/dig/grass3.ogg": {"hash": "f7d7e5c7089c9b45fa5d1b31542eb455fad995db", "size": 7194}, "sound3/dig/grass4.ogg": {"hash": "c7b1005d4926f6a2e2387a41ab1fb48a72f18e98", "size": 7163}, "sound3/dig/gravel1.ogg": {"hash": "e8b89f316f3e9989a87f6e6ff12db9abe0f8b09f", "size": 6851}, "sound3/dig/gravel2.ogg": {"hash": "c3b3797d04cb9640e1d3a72d5e96edb410388fa3", "size": 7501}, "sound3/dig/gravel3.ogg": {"hash": "48f7e1bb098abd36b9760cca27b9d4391a23de26", "size": 6905}, "sound3/dig/gravel4.ogg": {"hash": "7bf3553a4fe41a0078f4988a13d6e1ed8663ef4c", "size": 6728}, "sound3/dig/sand1.ogg": {"hash": "9e59c3650c6c3fc0a475f1b753b2fcfef430bf81", "size": 5543}, "sound3/dig/sand2.ogg": {"hash": "0fa4234797f336ada4e3735e013e44d1099afe57", "size": 5553}, "sound3/dig/sand3.ogg": {"hash": "c75589cc0087069f387de127dd1499580498738e", "size": 5552}, "sound3/dig/sand4.ogg": {"hash": "37afa06f97d58767a1cd1382386db878be1532dd", "size": 5491}, "sound3/dig/snow1.ogg": {"hash": "e9bab7d3d15541f0aaa93fad31ad37fd07e03a6c", "size": 6532}, "sound3/dig/snow2.ogg": {"hash": "5887d10234c4f244ec5468080412f3e6ef9522f3", "size": 6567}, "sound3/dig/snow3.ogg": {"hash": "a4bc069321a96236fde04a3820664cc23b2ea619", "size": 6540}, "sound3/dig/snow4.ogg": {"hash": "e26fa3036cdab4c2264ceb19e1cd197a2a510227", "size": 6501}, "sound3/dig/stone1.ogg": {"hash": "4e094ed8dfa98656d8fec52a7d20c5ee6098b6ad", "size": 6695}, "sound3/dig/stone2.ogg": {"hash": "9c92f697142ae320584bf64c0d54381d59703528", "size": 6728}, "sound3/dig/stone3.ogg": {"hash": "8f23c02475d388b23e5faa680eafe6b991d7a9d4", "size": 6627}, "sound3/dig/stone4.ogg": {"hash": "363545a76277e5e47538b2dd3a0d6aa4f7a87d34", "size": 6516}, "sound3/dig/wood1.ogg": {"hash": "9bc2a84d0aa98113fc52609976fae8fc88ea6333", "size": 6541}, "sound3/dig/wood2.ogg": {"hash": "98102533e6085617a2962157b4f3658f59aea018", "size": 6294}, "sound3/dig/wood3.ogg": {"hash": "45b2aef7b5049e81b39b58f8d631563fadcc778b", "size": 6604}, "sound3/dig/wood4.ogg": {"hash": "dc66978374a46ab2b87db6472804185824868095", "size": 6817}, "sound3/fire/fire.ogg": {"hash": "8b260108a73470c16cd244325242d4780cfb7d78", "size": 28689}, "sound3/fire/ignite.ogg": {"hash": "a0d1fbff7e938e92c10c1576339dda668f40e111", "size": 6418}, "sound3/fireworks/blast1.ogg": {"hash": "d9d7511e8944da0c7ab4ed2d3e3d964f98dd6997", "size": 11071}, "sound3/fireworks/blast_far1.ogg": {"hash": "cd9062e9e81f7cd35164a99669e5db32891a5cb5", "size": 14727}, "sound3/fireworks/largeBlast1.ogg": {"hash": "ef59205829f09ac4855c614a0e7046db820df18b", "size": 17306}, "sound3/fireworks/largeBlast_far1.ogg": {"hash": "bfb0e14bf130de4ecda75d8e793260e8bbaca35b", "size": 21914}, "sound3/fireworks/launch1.ogg": {"hash": "b1715242916d56140486c612056ea4d6dd5a4404", "size": 15598}, "sound3/fireworks/twinkle1.ogg": {"hash": "41b9c631e9c1c40800b3b02a0ac5855d6ad4846d", "size": 14328}, "sound3/fireworks/twinkle_far1.ogg": {"hash": "c8053e3b083b08840276de9a728202551302f416", "size": 23987}, "sound3/liquid/lava.ogg": {"hash": "9272aef9f27dfcc10b6e3879b7a2a67f8faa1a83", "size": 65328}, "sound3/liquid/lavapop.ogg": {"hash": "19a5aae31c3e0018a960b709a9f0240d8d47dda7", "size": 5609}, "sound3/liquid/splash.ogg": {"hash": "4c14c40542e249c902d0cac710ab4c6d6debba28", "size": 16702}, "sound3/liquid/splash2.ogg": {"hash": "857abbbfb58186c2f1b5510a4072630950e518f6", "size": 36747}, "sound3/liquid/swim1.ogg": {"hash": "6ea4e448fbc2a079acb0cf3564273083dadae165", "size": 9227}, "sound3/liquid/swim2.ogg": {"hash": "827d71834e69954e0a7fd7748998332e0b619d29", "size": 9540}, "sound3/liquid/swim3.ogg": {"hash": "b5f9075a8bf6977e7dfd3d316a673eaaa5834a99", "size": 9868}, "sound3/liquid/swim4.ogg": {"hash": "6a908e7c7d61e01bc4223b4991820bfc56f84c5e", "size": 7836}, "sound3/liquid/water.ogg": {"hash": "3483650440deb3934255e044ddabff5b01a65356", "size": 36329}, "sound3/minecart/base.ogg": {"hash": "28f9973fcd8366ac9837dbe190b129a8fce15857", "size": 15354}, "sound3/minecart/inside.ogg": {"hash": "6a83b514027c328b74f8428448dc6589d4b16388", "size": 57426}, "sound3/mob/bat/death.ogg": {"hash": "6df3b2c2b951863fc5200edf3ff3396b105ed897", "size": 8726}, "sound3/mob/bat/hurt1.ogg": {"hash": "fddba78b2426f8056be081c98fe82e8411a0a5cf", "size": 4878}, "sound3/mob/bat/hurt2.ogg": {"hash": "573e565b7fda2c34fc972edd21a82fd2e09200f8", "size": 5530}, "sound3/mob/bat/hurt3.ogg": {"hash": "1599551814c141acd0c4a3c4a0ff83f4c4e3026d", "size": 5249}, "sound3/mob/bat/hurt4.ogg": {"hash": "0ba4a7830ea8852bf7844872d7e2d2a408fb77e4", "size": 5410}, "sound3/mob/bat/idle1.ogg": {"hash": "c3c175d70372d8448c070d0716a8d88beec8b8b7", "size": 5708}, "sound3/mob/bat/idle2.ogg": {"hash": "e9d023a54a6b514af496c8f253f5f3fa948fd4b6", "size": 4767}, "sound3/mob/bat/idle3.ogg": {"hash": "e641dd3d6607db86b7574fe82781a34ad74f6c77", "size": 4777}, "sound3/mob/bat/idle4.ogg": {"hash": "a323a968296882e15c743ccdc8cb8057557ae712", "size": 5274}, "sound3/mob/bat/loop.ogg": {"hash": "e260582909112ec3c255d1ec0375c7913df5f9f8", "size": 16510}, "sound3/mob/bat/takeoff.ogg": {"hash": "ee6079d3826ac2994f3f58e62370f3c8ff9328e9", "size": 8821}, "sound3/mob/blaze/breathe1.ogg": {"hash": "4e398c518ae706ad4d90afd6914f748faf18a7b5", "size": 22308}, "sound3/mob/blaze/breathe2.ogg": {"hash": "c74368d2b978f570b4e7ce9645fd84b07f8f145c", "size": 22547}, "sound3/mob/blaze/breathe3.ogg": {"hash": "24d643885f9b83d8f034f49e2c5e00e70d4f175a", "size": 21883}, "sound3/mob/blaze/breathe4.ogg": {"hash": "78d544a240d627005aaef6033fd646eafc66fe7a", "size": 22054}, "sound3/mob/blaze/death.ogg": {"hash": "17491c8dd9511e9d848c92b4b7ae047aed164072", "size": 30155}, "sound3/mob/blaze/hit1.ogg": {"hash": "cb1cf4b405d930ad27f09ea39d6a64f35fc13308", "size": 7189}, "sound3/mob/blaze/hit2.ogg": {"hash": "00b38fae5d28d99514a3e73a913af16359b12b7a", "size": 7356}, "sound3/mob/blaze/hit3.ogg": {"hash": "97e09d51c82b78ab82fb3a4dbbb8cd701b2d0aeb", "size": 7229}, "sound3/mob/blaze/hit4.ogg": {"hash": "3f447f3e331b59ad014d9bd4a6536f98cf3a08c3", "size": 7383}, "sound3/mob/cat/hiss1.ogg": {"hash": "9d2202fce7908dcc5b5c8758c5cd517d863d4dd3", "size": 14666}, "sound3/mob/cat/hiss2.ogg": {"hash": "063bf0fce35c547eb59f086dbb56c5fe329cbcf4", "size": 13451}, "sound3/mob/cat/hiss3.ogg": {"hash": "c7e424eb00712614a183adf5d17b949175ff00df", "size": 13708}, "sound3/mob/cat/hitt1.ogg": {"hash": "28409652d939d2489d8b5317d51abb873821f0f4", "size": 7595}, "sound3/mob/cat/hitt2.ogg": {"hash": "ce499da6ec5dd226d50843890ca09f16018aff9a", "size": 9180}, "sound3/mob/cat/hitt3.ogg": {"hash": "3d98b4b7c37a09101da00d8a3078e0acba6558f4", "size": 7371}, "sound3/mob/cat/meow1.ogg": {"hash": "5fdf1bd80b204245af760042d2e546d87666e288", "size": 9820}, "sound3/mob/cat/meow2.ogg": {"hash": "9853be18df1a5b2642e33ba05e71bfd5099f9f04", "size": 9349}, "sound3/mob/cat/meow3.ogg": {"hash": "381f9e97a8a986ecab3e86431d6be6df5ff79c31", "size": 9526}, "sound3/mob/cat/meow4.ogg": {"hash": "4bf7c7a08c1217de7b1f0faf82429665fbf18458", "size": 9560}, "sound3/mob/cat/purr1.ogg": {"hash": "315512d6027033c2a279841badb40a26d74efc81", "size": 27911}, "sound3/mob/cat/purr2.ogg": {"hash": "847ec719ee91e28d7bf58ab39a5d8d6bd5728314", "size": 28974}, "sound3/mob/cat/purr3.ogg": {"hash": "eed7a9305f5879448bb94355f25279b4aac403b6", "size": 34965}, "sound3/mob/cat/purreow1.ogg": {"hash": "d00791807e913e57d58fd891cb4dd10186cfdf38", "size": 11787}, "sound3/mob/cat/purreow2.ogg": {"hash": "08573a1f11058b09c5855122dff47ceb209f771e", "size": 12237}, "sound3/mob/chicken/hurt1.ogg": {"hash": "31b52151bf2a6fa35d2d2aa72f832285d9e7d70d", "size": 7740}, "sound3/mob/chicken/hurt2.ogg": {"hash": "18752157f5d8718e2752805a657c74a73d2b88db", "size": 6177}, "sound3/mob/chicken/plop.ogg": {"hash": "ab5a32b70ef1e7aafc550b20afdb7dc8c0d5d901", "size": 4680}, "sound3/mob/chicken/say1.ogg": {"hash": "74e5422bd83bb2041a6f0d09644bc095c0e9e21a", "size": 7956}, "sound3/mob/chicken/say2.ogg": {"hash": "3660e743db2bbbcff0866d3f1e606882f1aeb6ac", "size": 9476}, "sound3/mob/chicken/say3.ogg": {"hash": "49874e07369c3bb0bc8a2fba4f2096d2e9a36c9a", "size": 7080}, "sound3/mob/chicken/step1.ogg": {"hash": "e0f0ba416a5744036e11bb6a5fc5ac4b8c461873", "size": 3702}, "sound3/mob/chicken/step2.ogg": {"hash": "bf7fadaf64945f6b31c803d086ac6a652aabef9b", "size": 3838}, "sound3/mob/cow/hurt1.ogg": {"hash": "989c3b614f736aa77bb2800821ea56936e98ca68", "size": 7302}, "sound3/mob/cow/hurt2.ogg": {"hash": "758d2a1c36abc84d2744d697b76d5414ea96d9f3", "size": 8430}, "sound3/mob/cow/hurt3.ogg": {"hash": "2a031f10c7dc24e75d5dc3a374ebe7f36fc3e143", "size": 8934}, "sound3/mob/cow/say1.ogg": {"hash": "e07a2da49011ef4cf9d6b1c80a91a06f808c1243", "size": 9714}, "sound3/mob/cow/say2.ogg": {"hash": "228bab6d9b09994dc407b9d022bebca791d81c16", "size": 13553}, "sound3/mob/cow/say3.ogg": {"hash": "05f429069e65d78f7e6609d070a3f294cc3128ab", "size": 13330}, "sound3/mob/cow/say4.ogg": {"hash": "80ce8d4b8d361b69e42d8d147e42a09d3c85a115", "size": 12300}, "sound3/mob/cow/step1.ogg": {"hash": "fec7c7997f8eb6faaebd37f0eaed417118d3a498", "size": 7411}, "sound3/mob/cow/step2.ogg": {"hash": "555d33de143e6dcef2aa80ebf9a8f8b1481d42d0", "size": 7885}, "sound3/mob/cow/step3.ogg": {"hash": "482919bc631b317422ab44af3938259bea73fe83", "size": 7923}, "sound3/mob/cow/step4.ogg": {"hash": "03063be15a77cc3f6815ec98090e351178190b33", "size": 7394}, "sound3/mob/creeper/death.ogg": {"hash": "fbc1b2c89c5c781e30d702b2885be3f485105869", "size": 13005}, "sound3/mob/creeper/say1.ogg": {"hash": "74771428c2aa2acbd30638c6706867053bad64d3", "size": 6647}, "sound3/mob/creeper/say2.ogg": {"hash": "c46c7d2a84749bfcbcf576aea0d66fd3deccba31", "size": 6768}, "sound3/mob/creeper/say3.ogg": {"hash": "0979bf115d081d70a985f1cfcab1b9274d6be74e", "size": 6787}, "sound3/mob/creeper/say4.ogg": {"hash": "85c860ea8c55984bf6cabb75354c78f3a603f98d", "size": 7111}, "sound3/mob/enderdragon/end.ogg": {"hash": "53cc1890ebea833d3964c7dd1c90676650e34404", "size": 257102}, "sound3/mob/enderdragon/growl1.ogg": {"hash": "049a3049a5ac8631a6c5f367b7d824fc0d8de39b", "size": 26384}, "sound3/mob/enderdragon/growl2.ogg": {"hash": "d859c9c5be04ffc41479b306814a933983eaa235", "size": 27101}, "sound3/mob/enderdragon/growl3.ogg": {"hash": "ba35053358ede7c3bf33a4c344d66680f09008c9", "size": 27102}, "sound3/mob/enderdragon/growl4.ogg": {"hash": "c84b0cf222e7dcbedde8eb9deb98835032f4d402", "size": 25574}, "sound3/mob/enderdragon/hit1.ogg": {"hash": "aedeb53dd3315f964ff4d10d0003e4c5f41d1bb0", "size": 11056}, "sound3/mob/enderdragon/hit2.ogg": {"hash": "46e5db05b1e91ce33c9c4c63260227fa629230f4", "size": 10880}, "sound3/mob/enderdragon/hit3.ogg": {"hash": "e96237fdf5e5e1aca09496b9192243651525d0ac", "size": 11158}, "sound3/mob/enderdragon/hit4.ogg": {"hash": "d2c44730f6c93676d4e4316add92e424d0a71a33", "size": 10812}, "sound3/mob/enderdragon/wings1.ogg": {"hash": "5a368ed32b3357e31629451ace57eb30d90e8874", "size": 10617}, "sound3/mob/enderdragon/wings2.ogg": {"hash": "7d5b3b403a11b6dd4c3801c4f4c8bf7ce9a8c771", "size": 10481}, "sound3/mob/enderdragon/wings3.ogg": {"hash": "eb58ef697b2cbaed218edc758e00412302c75962", "size": 10373}, "sound3/mob/enderdragon/wings4.ogg": {"hash": "92488929c42221fb3f1dee397a32d2e4de615f3c", "size": 11702}, "sound3/mob/enderdragon/wings5.ogg": {"hash": "fa6d89b586c5ca29efe85c8d373ff9ee19488d40", "size": 11659}, "sound3/mob/enderdragon/wings6.ogg": {"hash": "e7e8d393fc03a476227890e9ec9319dcc4b400ea", "size": 11150}, "sound3/mob/endermen/death.ogg": {"hash": "d04dd6d1f050353ef9e3ba9c45f407f831903c69", "size": 16232}, "sound3/mob/endermen/hit1.ogg": {"hash": "753a88c1d9b3b46210c18ff07974955463edd18b", "size": 6883}, "sound3/mob/endermen/hit2.ogg": {"hash": "cf60aefd0b742c3fa15e808c1a0c33aebd534cc5", "size": 6491}, "sound3/mob/endermen/hit3.ogg": {"hash": "aaa8f1705c873ebc05da460657c8b83fa01ffd57", "size": 6564}, "sound3/mob/endermen/hit4.ogg": {"hash": "6e0f9074e049a6c30402d70cc75a5da99042e00c", "size": 5573}, "sound3/mob/endermen/idle1.ogg": {"hash": "281b87984ddf8e94324bc86911a36c971cb3d831", "size": 6793}, "sound3/mob/endermen/idle2.ogg": {"hash": "9c7aaf49b3096a69a2d6ca62c1067400a2b70814", "size": 8236}, "sound3/mob/endermen/idle3.ogg": {"hash": "bc4c2e76d3b5a0e6f9d5837fe82ed26e808aa918", "size": 10073}, "sound3/mob/endermen/idle4.ogg": {"hash": "405e2f82caef7f79eb9e26886520711e446366ce", "size": 11208}, "sound3/mob/endermen/idle5.ogg": {"hash": "e746ec4574aaa047be3076729753c2c75fd34630", "size": 9108}, "sound3/mob/endermen/portal.ogg": {"hash": "7b4b5323ef066caa1ae43cbe66fffd9dfce4ed32", "size": 10010}, "sound3/mob/endermen/portal2.ogg": {"hash": "35461b6a4253db40973549e82d91f267c686be85", "size": 7442}, "sound3/mob/endermen/scream1.ogg": {"hash": "c4b5265bbafbe058347058a257abe33a0afb5ab7", "size": 11231}, "sound3/mob/endermen/scream2.ogg": {"hash": "c8cd465468a0fd41a1d5cc24cb499862b5ade2cb", "size": 11020}, "sound3/mob/endermen/scream3.ogg": {"hash": "dbab0094299eacbce86ad427edcb34b8342861af", "size": 9843}, "sound3/mob/endermen/scream4.ogg": {"hash": "bcc73584d83225383aaa6affce905392c96afe86", "size": 10411}, "sound3/mob/endermen/stare.ogg": {"hash": "5738d7f49ef30adcfc4f2ab13e0b1d74f09a1289", "size": 127738}, "sound3/mob/ghast/affectionate scream.ogg": {"hash": "99cd73dda425ee03836c2274a0fcf331139773dc", "size": 9367}, "sound3/mob/ghast/charge.ogg": {"hash": "6f1d403f47725af0f4c42a74cfec00ff59153160", "size": 13415}, "sound3/mob/ghast/death.ogg": {"hash": "725e5179c72444c6d885e39c27e6b31ed83d58bc", "size": 26853}, "sound3/mob/ghast/fireball4.ogg": {"hash": "eafa60d7ec34f86e8f07a001ddcdf5c4600bb174", "size": 8535}, "sound3/mob/ghast/moan1.ogg": {"hash": "882d092b05faef1cfa6af43d642b9e8843f22756", "size": 7986}, "sound3/mob/ghast/moan2.ogg": {"hash": "02073c284f025653e55f9cde25a4a62723d395fa", "size": 8909}, "sound3/mob/ghast/moan3.ogg": {"hash": "dcec2d45fbc25f74a399ec9f8001e0ecd2d5d85e", "size": 8925}, "sound3/mob/ghast/moan4.ogg": {"hash": "935f1a575322bd0ec53a919fd061321216889104", "size": 9393}, "sound3/mob/ghast/moan5.ogg": {"hash": "48fc6c25d0f1c1f0edd4eaca2b6f934d4117f440", "size": 14107}, "sound3/mob/ghast/moan6.ogg": {"hash": "b3f91f243eceaa25cff7488ec2dac732e22cfec3", "size": 18305}, "sound3/mob/ghast/moan7.ogg": {"hash": "cfb956ba9d26cbdacd16ef77d58764df783b2c7f", "size": 9222}, "sound3/mob/ghast/scream1.ogg": {"hash": "a0e62d86e5899405df4e796fe648e091d828691d", "size": 10828}, "sound3/mob/ghast/scream2.ogg": {"hash": "57008a7f564443d563968fd040fc13ab226fc8d1", "size": 11455}, "sound3/mob/ghast/scream3.ogg": {"hash": "8f23820fa28830dd031188c20acb35af044aedb5", "size": 9399}, "sound3/mob/ghast/scream4.ogg": {"hash": "edbc9e9cb9dfeabef93207fc0bdee6ceee5df7bc", "size": 12220}, "sound3/mob/ghast/scream5.ogg": {"hash": "77a7b79d4f2ada27640866ece1020b631f5bdc54", "size": 11650}, "sound3/mob/irongolem/death.ogg": {"hash": "770b3f1feb05b9b941d858eb72b9d04ffc5d52c9", "size": 17766}, "sound3/mob/irongolem/hit1.ogg": {"hash": "942937fcad0fefd61e019678e3710f3f077757d4", "size": 9479}, "sound3/mob/irongolem/hit2.ogg": {"hash": "bb92fd6971430a515f508a6734392511385826e1", "size": 9140}, "sound3/mob/irongolem/hit3.ogg": {"hash": "27c78cd09f7fd1770a41d78247ccf57c77dbc773", "size": 8947}, "sound3/mob/irongolem/hit4.ogg": {"hash": "a2dbb90f23b0babe7c569ceca28db49d0c112714", "size": 8686}, "sound3/mob/irongolem/throw.ogg": {"hash": "607d51883e137d5d423dde865232ab1ee78f2694", "size": 5316}, "sound3/mob/irongolem/walk1.ogg": {"hash": "4e3e9f37c1e0c12c2993d25c28b89e2f0797ba5a", "size": 7064}, "sound3/mob/irongolem/walk2.ogg": {"hash": "356fdb6192cf96aa5d5d9c76413f412f6a4d66a4", "size": 6945}, "sound3/mob/irongolem/walk3.ogg": {"hash": "e0672d288b09996f7c7e1a0ca696de82b7a02d18", "size": 6883}, "sound3/mob/irongolem/walk4.ogg": {"hash": "88ae6c906f8f94add2fe904b59c94e844bbcef9a", "size": 7021}, "sound3/mob/magmacube/big1.ogg": {"hash": "430c65ac81151d873a27d611a9dff6c562e38c4f", "size": 10917}, "sound3/mob/magmacube/big2.ogg": {"hash": "4c4bcc6905430286f32a862ce69665c51bd9938f", "size": 7931}, "sound3/mob/magmacube/big3.ogg": {"hash": "d5c4316d30feef5213077e3ee24a7f52c5bf6735", "size": 9436}, "sound3/mob/magmacube/big4.ogg": {"hash": "a63fd7965328425a0a8111640de19428d841933e", "size": 9871}, "sound3/mob/magmacube/jump1.ogg": {"hash": "86a2a7206c769aaa9435aabba70be201cb3e3a6b", "size": 12540}, "sound3/mob/magmacube/jump2.ogg": {"hash": "3285a993220dcea1fc37e98b9aa9219422c2c095", "size": 12973}, "sound3/mob/magmacube/jump3.ogg": {"hash": "5a2449cc3d4a6ad36598847e501f956e5a3528bd", "size": 12258}, "sound3/mob/magmacube/jump4.ogg": {"hash": "500e2543034b4c026fb175d48c47196c5d013fe8", "size": 12902}, "sound3/mob/magmacube/small1.ogg": {"hash": "5c633c345fe4cb87c36ada2fe2b5da1b80601cf3", "size": 6269}, "sound3/mob/magmacube/small2.ogg": {"hash": "18237686efcaa1bf9084173c99d11ce0d37d4fc5", "size": 5518}, "sound3/mob/magmacube/small3.ogg": {"hash": "65a1a69845133187d6b8689e6ce9707da10f21a6", "size": 5314}, "sound3/mob/magmacube/small4.ogg": {"hash": "a485082ed0820eeeb9df13f84f26b14744ceeb2a", "size": 5387}, "sound3/mob/magmacube/small5.ogg": {"hash": "560dd97e6da8badbc8ac00b28c45312e60a525f2", "size": 4826}, "sound3/mob/pig/death.ogg": {"hash": "4bc87ab869e17732a20c7518a327136baf5b2c26", "size": 13694}, "sound3/mob/pig/say1.ogg": {"hash": "a99bf88163bcb576e31e6e2275145afba6d1b4c7", "size": 5645}, "sound3/mob/pig/say2.ogg": {"hash": "ab615a912fb8ea06648836e0ec1cbeeefe117da6", "size": 6798}, "sound3/mob/pig/say3.ogg": {"hash": "58efedf302e0203a6ff9e59a6535d300286c5594", "size": 5602}, "sound3/mob/pig/step1.ogg": {"hash": "05baaf5ed0cbdab08292b3962e1b1385e13b9dba", "size": 5285}, "sound3/mob/pig/step2.ogg": {"hash": "a69a66bfda52a42ea8cf712eb1caa8830046c14f", "size": 4508}, "sound3/mob/pig/step3.ogg": {"hash": "6226903c5dfd8ac388f9d64a5fa9968680ed3507", "size": 4722}, "sound3/mob/pig/step4.ogg": {"hash": "f5e1ba4ac271b4c2feee86a4d04e32279ea99c10", "size": 4483}, "sound3/mob/pig/step5.ogg": {"hash": "56d6fd65958fb25bf9b4033a87655b591e222005", "size": 5493}, "sound3/mob/sheep/say1.ogg": {"hash": "a3ffeaa0a75b8d2bdc949c181a6f8db78f8976ca", "size": 9784}, "sound3/mob/sheep/say2.ogg": {"hash": "1cfd864cbda555477ed9523e640de0d234c18858", "size": 8875}, "sound3/mob/sheep/say3.ogg": {"hash": "c9ac72409cbe6093e84d72a2a5c719d9e4a0e6b2", "size": 9150}, "sound3/mob/sheep/shear.ogg": {"hash": "5d9055cf25f126c47e18637aeef917fa1ef61a42", "size": 6870}, "sound3/mob/sheep/step1.ogg": {"hash": "5288cab96e26207edd31307c9c01b6902306e4f6", "size": 4838}, "sound3/mob/sheep/step2.ogg": {"hash": "59034eb696e186d973dcea0b162f01e38f1b4f31", "size": 4819}, "sound3/mob/sheep/step3.ogg": {"hash": "101164ea1b442a8e1e8ca181d9cef833c57d7be3", "size": 4843}, "sound3/mob/sheep/step4.ogg": {"hash": "6ff26a1439fb6f9f353c2bd623edeb936e760855", "size": 5018}, "sound3/mob/sheep/step5.ogg": {"hash": "c289aa46fcbcfaf21c8080d57953fd45a4939294", "size": 5185}, "sound3/mob/silverfish/hit1.ogg": {"hash": "84c3b008dc1d5e0dd5e8ad85a06eca29f0591e48", "size": 7371}, "sound3/mob/silverfish/hit2.ogg": {"hash": "38d4d36bbe40a48c3a8ef97735b59b37f013fd6e", "size": 6717}, "sound3/mob/silverfish/hit3.ogg": {"hash": "5b1675279bbc245fc6bbb705de8ea09fb3f32b53", "size": 7205}, "sound3/mob/silverfish/kill.ogg": {"hash": "24cdac5a80fdad7ab31dc0695b57ece55aecb21a", "size": 10410}, "sound3/mob/silverfish/say1.ogg": {"hash": "515dffc5d6dd216550d69e61b2eb9c3593b19a20", "size": 6584}, "sound3/mob/silverfish/say2.ogg": {"hash": "396b8b46e593cf55d843853b704dc054ef614e55", "size": 9782}, "sound3/mob/silverfish/say3.ogg": {"hash": "e7f0f24c2c9f4bf83286b17109580d3e845d19e3", "size": 7060}, "sound3/mob/silverfish/say4.ogg": {"hash": "4fce41a2d0890418ae1efb03d1142ca74d00aa61", "size": 6394}, "sound3/mob/silverfish/step1.ogg": {"hash": "763cc79934a572b84c371cb49afad5912f29d2f1", "size": 8382}, "sound3/mob/silverfish/step2.ogg": {"hash": "f1665747da14569c4de55e07884deeef18a40f62", "size": 9498}, "sound3/mob/silverfish/step3.ogg": {"hash": "47ad81223bcec870206484cd4d1a6202871df331", "size": 9308}, "sound3/mob/silverfish/step4.ogg": {"hash": "a342f566600caf73464323b20b7770b5b9b7893a", "size": 8842}, "sound3/mob/skeleton/death.ogg": {"hash": "641e601132b4adb67951e0d49c1004cf1b86eff2", "size": 17073}, "sound3/mob/skeleton/hurt1.ogg": {"hash": "4d03069c0e14794b463f563044da46433776da60", "size": 9986}, "sound3/mob/skeleton/hurt2.ogg": {"hash": "d1ad2cbe6584d9cd9483483f8655966d25a251a0", "size": 7798}, "sound3/mob/skeleton/hurt3.ogg": {"hash": "acffab0bafe2c82ffc8723880aab5ec1682d4329", "size": 8572}, "sound3/mob/skeleton/hurt4.ogg": {"hash": "a88e0436e38512171a3ef819249c3d1a2650540f", "size": 7848}, "sound3/mob/skeleton/say1.ogg": {"hash": "199c9f150822950385b9bc1d840605a6a795bd27", "size": 8727}, "sound3/mob/skeleton/say2.ogg": {"hash": "529abcb09220f0ebeb595f32bb663d026a7e0ae5", "size": 8485}, "sound3/mob/skeleton/say3.ogg": {"hash": "a11ac56ec61c17e99f4ee33d8712404edf442720", "size": 8161}, "sound3/mob/skeleton/step1.ogg": {"hash": "68e0a58848bbdad12ad2b216d7244754459c9516", "size": 8444}, "sound3/mob/skeleton/step2.ogg": {"hash": "4609ec723b4e724f44c653b82de40ec159d2eea1", "size": 8333}, "sound3/mob/skeleton/step3.ogg": {"hash": "000c82756fd54e40cb236199f2b479629d0aca2f", "size": 8565}, "sound3/mob/skeleton/step4.ogg": {"hash": "a89bdd809baa83cacd329f0219bca1f612ccda5a", "size": 8508}, "sound3/mob/slime/attack1.ogg": {"hash": "075e1ea92d5564d7bdf267ae975044315a41a686", "size": 7806}, "sound3/mob/slime/attack2.ogg": {"hash": "f6e2067571631aae206000a501c9adebe862e32a", "size": 7391}, "sound3/mob/slime/big1.ogg": {"hash": "b5eca1979e69271b2065ac67ba2c37b5afac0f98", "size": 10917}, "sound3/mob/slime/big2.ogg": {"hash": "00e06362a31ad7094e452c5bcea837b061825cb0", "size": 7931}, "sound3/mob/slime/big3.ogg": {"hash": "2c20816632caecf75f00bb968f51847e3a982e75", "size": 9436}, "sound3/mob/slime/big4.ogg": {"hash": "c906c18d26550ae15c75e23f2c5066e4fc678c89", "size": 9871}, "sound3/mob/slime/small1.ogg": {"hash": "5cde2500773323f7997d75062f8a26afcdf62b2e", "size": 6269}, "sound3/mob/slime/small2.ogg": {"hash": "5e2ef521293719bbe22bbb515bbcacf4c233a075", "size": 5518}, "sound3/mob/slime/small3.ogg": {"hash": "3bc8225914b1be20db68fcdae202d5acee3234c2", "size": 5314}, "sound3/mob/slime/small4.ogg": {"hash": "4dfe0b607c5de2e47f3b7950c56bbebbf3115957", "size": 5387}, "sound3/mob/slime/small5.ogg": {"hash": "35f0b3c9c462a6c21ec213fbda2437a0e6427883", "size": 4826}, "sound3/mob/spider/death.ogg": {"hash": "4c69a6edc25d973999aa0db2bb46b583a31da278", "size": 14380}, "sound3/mob/spider/say1.ogg": {"hash": "65b49739d48ebc47879ca5528c8283329980b304", "size": 9045}, "sound3/mob/spider/say2.ogg": {"hash": "501b40b97ee55cb7a97943ee620aa05131089fc2", "size": 7405}, "sound3/mob/spider/say3.ogg": {"hash": "f9f79162efa6667b753c1fbb46ff9888e8ce5f32", "size": 7709}, "sound3/mob/spider/say4.ogg": {"hash": "3cf3e8d3aab0a3092f6c6bf681ff156bc9653859", "size": 6343}, "sound3/mob/spider/step1.ogg": {"hash": "8f7ff84e460ca507f654168f1d24e82637517940", "size": 8826}, "sound3/mob/spider/step2.ogg": {"hash": "a8eb0b1ce4abb53334ab75be82dc465135c4a27a", "size": 9695}, "sound3/mob/spider/step3.ogg": {"hash": "efa5acfa08b210ba3087b535c40549c0ed8916f0", "size": 9237}, "sound3/mob/spider/step4.ogg": {"hash": "7d801582e08be973d1a41469d1b92916278d1e88", "size": 9326}, "sound3/mob/wither/death.ogg": {"hash": "ae27c6817985a9acb0a0fdefab89ff5d82dbe009", "size": 62674}, "sound3/mob/wither/hurt1.ogg": {"hash": "550da80d936e05a7bfda43ca5d8af5b3779320f1", "size": 16650}, "sound3/mob/wither/hurt2.ogg": {"hash": "8072827813f0bffb9847e636245edebb5ddab198", "size": 16744}, "sound3/mob/wither/hurt3.ogg": {"hash": "a4cf4ebe4c475cd6a4852d6b4228a4b64cf5cb00", "size": 16731}, "sound3/mob/wither/hurt4.ogg": {"hash": "72a006be3bd693aa23cc2f8e9c9d13ea6f829aa1", "size": 16699}, "sound3/mob/wither/idle1.ogg": {"hash": "22ed26394cb6f6b5eeb2ceb54fb50608798d19e8", "size": 19699}, "sound3/mob/wither/idle2.ogg": {"hash": "6b2f86a35a3cd88320b55c029d77659915f83239", "size": 19332}, "sound3/mob/wither/idle3.ogg": {"hash": "79afbeabcdbb063cfa00d544dc00beac8543a581", "size": 19307}, "sound3/mob/wither/idle4.ogg": {"hash": "e3f90fb5afaf84475dd31dca6f65378a455d17f7", "size": 19355}, "sound3/mob/wither/shoot.ogg": {"hash": "78ee5b46b6615191b7a16d259fcbda273762297e", "size": 11481}, "sound3/mob/wither/spawn.ogg": {"hash": "d8caaead680c20a4f51361587aeddd57a3357a72", "size": 151896}, "sound3/mob/wolf/bark1.ogg": {"hash": "2452c64a55eaef86bf1b668bb4d5f3b641cd8f25", "size": 5398}, "sound3/mob/wolf/bark2.ogg": {"hash": "9f1708a6409d04370ec12d0add015b11abbd5371", "size": 5447}, "sound3/mob/wolf/bark3.ogg": {"hash": "1ddae4e8dfa605e27ec8278b3e312597b674437e", "size": 5645}, "sound3/mob/wolf/death.ogg": {"hash": "77a5d445ed9ee588846947ac3df63f84be6d569d", "size": 7474}, "sound3/mob/wolf/growl1.ogg": {"hash": "0b29f5ce8c4c10fa4184e5d29244f3bc121468a0", "size": 12761}, "sound3/mob/wolf/growl2.ogg": {"hash": "f57577fe6915175f9e4576e8d73ad4077a381433", "size": 10311}, "sound3/mob/wolf/growl3.ogg": {"hash": "69ef2fe8d6a744689953fd692d0106b0b2d2a9ce", "size": 13663}, "sound3/mob/wolf/howl1.ogg": {"hash": "84556bac99c01ad006552cf5d96494817e9b1700", "size": 16994}, "sound3/mob/wolf/howl2.ogg": {"hash": "cdb0293c5e2bdbda21798af4e61a4c171c8b1ec0", "size": 18136}, "sound3/mob/wolf/hurt1.ogg": {"hash": "71b5fc7aa050892f8c9a9ed2713cc1ad8874742a", "size": 6164}, "sound3/mob/wolf/hurt2.ogg": {"hash": "bc2f6a5a1b6646eac1681b7414b098089aedf3c6", "size": 6082}, "sound3/mob/wolf/hurt3.ogg": {"hash": "a5b3f3cdda4d6e13629ccd0e2a38e1f06baa491a", "size": 6381}, "sound3/mob/wolf/panting.ogg": {"hash": "c2e4001d9ae8fc1f066a914170faad4c45a84e1e", "size": 7380}, "sound3/mob/wolf/shake.ogg": {"hash": "3d95ea49e91b4295859b193bb41b009b92250a44", "size": 13502}, "sound3/mob/wolf/step1.ogg": {"hash": "b6a62224be809aa0c0747bee94499f0ee51ca2b6", "size": 4777}, "sound3/mob/wolf/step2.ogg": {"hash": "4ba55627b6b9ce64b4a48a00c990d5855b6064cf", "size": 4766}, "sound3/mob/wolf/step3.ogg": {"hash": "30e920526eb5855065b873e30d17b4d85bfbe570", "size": 4745}, "sound3/mob/wolf/step4.ogg": {"hash": "d7d5be6092d00c2f7f68bdcbf10ea3ac3cfea30c", "size": 4869}, "sound3/mob/wolf/step5.ogg": {"hash": "3610feb2a1a575026cfa3ab44965d114e74ea583", "size": 5143}, "sound3/mob/wolf/whine.ogg": {"hash": "fcf4f90c452b7b511d50e3959ae05036d13a7cf8", "size": 7846}, "sound3/mob/zombie/death.ogg": {"hash": "6e0488ab07b9539fbaebc093f194bb6a95b2caec", "size": 9836}, "sound3/mob/zombie/hurt1.ogg": {"hash": "f35e14af35d1d12244dac9e655f4e31d4ef84e1b", "size": 11047}, "sound3/mob/zombie/hurt2.ogg": {"hash": "bc85d96a99e84a234cbe23841f87e84e71198be3", "size": 11005}, "sound3/mob/zombie/infect.ogg": {"hash": "c18fb5eacf0fdb33c05eb806bc41332cccee43d8", "size": 20085}, "sound3/mob/zombie/metal1.ogg": {"hash": "d5b2d34e0c07a6c09c1adb17a15e50a626a88bc1", "size": 8632}, "sound3/mob/zombie/metal2.ogg": {"hash": "6c5a03460012d7b76c16d0dbaa01c443a6ba094e", "size": 8889}, "sound3/mob/zombie/metal3.ogg": {"hash": "322374d89ed809e75005cdc4f6479c959e15aee2", "size": 8843}, "sound3/mob/zombie/remedy.ogg": {"hash": "8ed3945df8b9264c6451c153357475482d9f2066", "size": 38114}, "sound3/mob/zombie/say1.ogg": {"hash": "b5bc9775243437d87317ab3a66ec8a4d5b96c83d", "size": 16877}, "sound3/mob/zombie/say2.ogg": {"hash": "bf5086623d5c6735271074b263116fb914ed79b5", "size": 15423}, "sound3/mob/zombie/say3.ogg": {"hash": "7eb3affa45f47f919e74523a55185e65c2081d12", "size": 19806}, "sound3/mob/zombie/step1.ogg": {"hash": "9680c9dcd637ddea8e10a0d73705aa155d04a132", "size": 13871}, "sound3/mob/zombie/step2.ogg": {"hash": "e8dcca0e494a3f479f58f581c9a8e297cc92f4e7", "size": 12214}, "sound3/mob/zombie/step3.ogg": {"hash": "33acf13c25f65a432348e9476eda67d6a34831e3", "size": 11734}, "sound3/mob/zombie/step4.ogg": {"hash": "69b6e589ec3d2c9063972545e83ed1f07e665094", "size": 9822}, "sound3/mob/zombie/step5.ogg": {"hash": "b88bd8618c05232a7287799ea9246ae12f5da9d5", "size": 14377}, "sound3/mob/zombie/unfect.ogg": {"hash": "403c56cd190fb7587a26bcd1b7d2abac598c3ec0", "size": 19917}, "sound3/mob/zombie/wood1.ogg": {"hash": "fa73977dd28020544f7fe2553e5604a6865ec1a6", "size": 7761}, "sound3/mob/zombie/wood2.ogg": {"hash": "dc86fbd59cf0e87cd35b22df2a2df899ab8c1f7f", "size": 7649}, "sound3/mob/zombie/wood3.ogg": {"hash": "8184e851170619de93aa56244fb12c472a2ddd7d", "size": 8090}, "sound3/mob/zombie/wood4.ogg": {"hash": "1028d0a373790e14c34786a925c4656bdaeb4c4d", "size": 7608}, "sound3/mob/zombie/woodbreak.ogg": {"hash": "4e94ed53b6059d150c3bb2322b4af9ca9514bae1", "size": 10929}, "sound3/mob/zombiepig/zpig1.ogg": {"hash": "ec4b0396dd2fc2da8fab91ddc35218d3426349b3", "size": 8536}, "sound3/mob/zombiepig/zpig2.ogg": {"hash": "2cbbcdfb97939c469cd4ccaaac74504497c56695", "size": 10038}, "sound3/mob/zombiepig/zpig3.ogg": {"hash": "c9f7fa36ae48eca0a1f6ce024fde5d3472d30b4d", "size": 5916}, "sound3/mob/zombiepig/zpig4.ogg": {"hash": "e1187646b6256b92a1384f26ef2a7e56efcbe00d", "size": 7066}, "sound3/mob/zombiepig/zpigangry1.ogg": {"hash": "cadbc5c34979baab1a93f5cf68a50f9bd44ef5a8", "size": 8946}, "sound3/mob/zombiepig/zpigangry2.ogg": {"hash": "0349ce87fe856ddf8fdd94a559bb29061b002b6c", "size": 5789}, "sound3/mob/zombiepig/zpigangry3.ogg": {"hash": "e0c88ca054666aae58b89abdcf377eae525aa13e", "size": 9061}, "sound3/mob/zombiepig/zpigangry4.ogg": {"hash": "c76dea473821e2ae9a1f006a4eddfdd0703eecdf", "size": 9925}, "sound3/mob/zombiepig/zpigdeath.ogg": {"hash": "40b8e244d03ae17483edd4571bd851e10a97050f", "size": 10357}, "sound3/mob/zombiepig/zpighurt1.ogg": {"hash": "a2cfbea288280419ec0c8fb75d8ee5395536ac02", "size": 6935}, "sound3/mob/zombiepig/zpighurt2.ogg": {"hash": "d1917b9be91d60a40dd0bf804580c1f494e9ae6d", "size": 6245}, "sound3/note/bass.ogg": {"hash": "e28d844995368de1d45c724a5d371c9952ae5ed4", "size": 5479}, "sound3/note/bassattack.ogg": {"hash": "037b9fb7f74381f354739d015193dc4a6897f620", "size": 5574}, "sound3/note/bd.ogg": {"hash": "1afefaa39a53606d2737bab9cb3409350cb2dc9f", "size": 3850}, "sound3/note/harp.ogg": {"hash": "46244605b8663a29cdce7bccc5b2d038241e32ee", "size": 6137}, "sound3/note/hat.ogg": {"hash": "fd2b6f745b05a2cf44a4e010f72631de2e5099f6", "size": 3880}, "sound3/note/pling.ogg": {"hash": "20d06589bd5ab81a73989bdac8ca59ecd4d66932", "size": 6274}, "sound3/note/snare.ogg": {"hash": "6967f0af60f480e81d32f1f8e5f88ccafec3a40c", "size": 3969}, "sound3/portal/portal.ogg": {"hash": "9a20be18fed05330f745a54eb8aeba11aac5403b", "size": 25153}, "sound3/portal/travel.ogg": {"hash": "43388701fac432a567fe9fec421521e6348ad780", "size": 54283}, "sound3/portal/trigger.ogg": {"hash": "301f32642b654addbd06a430768fead464fd24c4", "size": 24992}, "sound3/random/anvil_break.ogg": {"hash": "705a155201cc388a0c0c6f7435ddbc0fcc56b5f2", "size": 13741}, "sound3/random/anvil_land.ogg": {"hash": "934b16e82b94d5790175615303594f0ec28da4a0", "size": 9210}, "sound3/random/anvil_use.ogg": {"hash": "88a792430dfff97582ab49b8dc9477cd9d4e5ebb", "size": 13633}, "sound3/random/bow.ogg": {"hash": "87edc11141fb5a045f2ed830b545aaa73f96ee99", "size": 6658}, "sound3/random/bowhit1.ogg": {"hash": "78f034d58779fb4d22b00ea249015a0dbf4e7b3f", "size": 11106}, "sound3/random/bowhit2.ogg": {"hash": "c3cd0db760c980287b26ef9c0894f66c4250724e", "size": 10640}, "sound3/random/bowhit3.ogg": {"hash": "0369a1236a4b9ca219fd3ad7d19d0b5237510b1e", "size": 13252}, "sound3/random/bowhit4.ogg": {"hash": "9e5e2369fc354a082c861494cfe8767d327813d4", "size": 15430}, "sound3/random/break.ogg": {"hash": "8bf3ecb0fe9a6a615f5995e3dd21b6c39adc21d5", "size": 6551}, "sound3/random/breath.ogg": {"hash": "dd2f7209c2a58b0886beb34d49b0512b49adbb7e", "size": 14331}, "sound3/random/burp.ogg": {"hash": "bdc648e04933df8ddcccc84b375d6556776d4331", "size": 6337}, "sound3/random/chestclosed.ogg": {"hash": "056393a33a9633685c3dc3be2887f5cbd7dbc63f", "size": 7779}, "sound3/random/chestopen.ogg": {"hash": "186d5d9481d59cc99bc4be1b5fbb98d0ef877b8e", "size": 8703}, "sound3/random/classic_hurt.ogg": {"hash": "9d485556b89bf776042080774679c37300bc744b", "size": 11499}, "sound3/random/click.ogg": {"hash": "2fe092579d9637e2d160319820ee08e60a237bb7", "size": 7046}, "sound3/random/door_close.ogg": {"hash": "9ea8a9e105321891bda18b9007b383b40aa7c076", "size": 6510}, "sound3/random/door_open.ogg": {"hash": "5bb5a04e776d69ca12b1d7bc369975f9bf62e741", "size": 7536}, "sound3/random/drink.ogg": {"hash": "857b75738992d25e338dee640ab191323bcbf798", "size": 7734}, "sound3/random/eat1.ogg": {"hash": "dfee39084c771182f6b9e7cfb8c8bc4e255747bc", "size": 5678}, "sound3/random/eat2.ogg": {"hash": "d26bde554d88f0ca156baf471c44ce2c0e68176c", "size": 5677}, "sound3/random/eat3.ogg": {"hash": "9f2c4bab5ed55f1714fffa223985c81babc8f6c0", "size": 5813}, "sound3/random/explode1.ogg": {"hash": "cd46e41023887558b134547e28327de6e7df189a", "size": 19732}, "sound3/random/explode2.ogg": {"hash": "a116e396d95a0ee245000dd4cdcc333d38ea9e3b", "size": 25246}, "sound3/random/explode3.ogg": {"hash": "a94a69e56568f5789cab05382cfd81f601189fd1", "size": 25298}, "sound3/random/explode4.ogg": {"hash": "f259be40364341edcaf88e339bc24ab01e49845a", "size": 25090}, "sound3/random/fizz.ogg": {"hash": "c649e60ea9a99c97501a50d2dc4e579343e91ea8", "size": 17002}, "sound3/random/fuse.ogg": {"hash": "a92ba2b8f6abc41aa8d679ad808a81d0aafa04b2", "size": 29271}, "sound3/random/glass1.ogg": {"hash": "7274a2231ed4544a37e599b7b014e589e5377094", "size": 7443}, "sound3/random/glass2.ogg": {"hash": "87c47bda3645c68f18a49e83cbf06e5302d087ff", "size": 7532}, "sound3/random/glass3.ogg": {"hash": "ad7d770b7fff3b64121f75bd60cecfc4866d1cd6", "size": 7592}, "sound3/random/levelup.ogg": {"hash": "9d52e43288d7f9e4d14199368a0f30ae3570d05a", "size": 32140}, "sound3/random/orb.ogg": {"hash": "e9833a1512b57bcf88ac4fdcc8df4e5a7e9d701d", "size": 7139}, "sound3/random/pop.ogg": {"hash": "8f45b5faf6dfae2065846d26612f7552b73640dd", "size": 4193}, "sound3/random/splash.ogg": {"hash": "22a491f266f5c3cdd6e669a9493daaf40c9c8575", "size": 11333}, "sound3/random/successful_hit.ogg": {"hash": "e9833a1512b57bcf88ac4fdcc8df4e5a7e9d701d", "size": 7139}, "sound3/random/wood click.ogg": {"hash": "b210a3c371441b77fe873133b2cb7b63e367b2f3", "size": 4385}, "sound3/step/cloth1.ogg": {"hash": "5fd568d724ba7d53911b6cccf5636f859d2662e8", "size": 4832}, "sound3/step/cloth2.ogg": {"hash": "56c1d0ac0de2265018b2c41cb571cc6631101484", "size": 4862}, "sound3/step/cloth3.ogg": {"hash": "9c63f2a3681832dc32d206f6830360bfe94b5bfc", "size": 4897}, "sound3/step/cloth4.ogg": {"hash": "55da1856e77cfd31a7e8c3d358e1f856c5583198", "size": 4844}, "sound3/step/grass1.ogg": {"hash": "227ab99bf7c6cf0b2002e0f7957d0ff7e5cb0c96", "size": 7126}, "sound3/step/grass2.ogg": {"hash": "5c971029d9284676dce1dda2c9d202f8c47163b2", "size": 8131}, "sound3/step/grass3.ogg": {"hash": "76de0a736928eac5003691d73bdc2eda92116198", "size": 7013}, "sound3/step/grass4.ogg": {"hash": "bc28801224a0aa77fdc93bb7c6c94beacdf77331", "size": 7377}, "sound3/step/grass5.ogg": {"hash": "813ebd91b9c3fe1ac8f89f13c85d0755678f2165", "size": 7801}, "sound3/step/grass6.ogg": {"hash": "b88cafe403394cdcd4de0e3aeb7b76f24170c6fe", "size": 7709}, "sound3/step/gravel1.ogg": {"hash": "1d761cb3bcb45498719e4fba0751e1630e134f1a", "size": 7757}, "sound3/step/gravel2.ogg": {"hash": "ac7a7c8d106e26abc775b1b46150c083825d8ddc", "size": 7921}, "sound3/step/gravel3.ogg": {"hash": "c109b985a7e6d5d3828c92e00aefa49deca0eb8c", "size": 7488}, "sound3/step/gravel4.ogg": {"hash": "a47adece748059294c5f563c0fcac02fa0e4bab4", "size": 8075}, "sound3/step/ladder1.ogg": {"hash": "d6212a1d5feb88d76b9a83ce5a27ab4e6d4c20bb", "size": 6021}, "sound3/step/ladder2.ogg": {"hash": "fd446ad40d24edfe4fb789a6065276e164ea4b61", "size": 6125}, "sound3/step/ladder3.ogg": {"hash": "3fee58d7b2c99ddbce962618176637574ae8d67b", "size": 6281}, "sound3/step/ladder4.ogg": {"hash": "f78ede81160002fc0561218c7ecd97e91cccab7c", "size": 6182}, "sound3/step/ladder5.ogg": {"hash": "e9a1caaddcde79cdac7aa8eabde50d4cfd1bc578", "size": 6077}, "sound3/step/sand1.ogg": {"hash": "9813c8185197f4a4296649f27a9d738c4a6dfc78", "size": 5123}, "sound3/step/sand2.ogg": {"hash": "bd1750c016f6bab40934eff0b0fb64c41c86e44b", "size": 5114}, "sound3/step/sand3.ogg": {"hash": "ab07279288fa49215bada5c17627e6a54ad0437c", "size": 5144}, "sound3/step/sand4.ogg": {"hash": "a474236fb0c75bd65a6010e87dbc000d345fc185", "size": 5321}, "sound3/step/sand5.ogg": {"hash": "9fd6d2c633d276b952f2ff2aaa1fa7e5fb5efd2a", "size": 5182}, "sound3/step/snow1.ogg": {"hash": "e9bab7d3d15541f0aaa93fad31ad37fd07e03a6c", "size": 6532}, "sound3/step/snow2.ogg": {"hash": "5887d10234c4f244ec5468080412f3e6ef9522f3", "size": 6567}, "sound3/step/snow3.ogg": {"hash": "a4bc069321a96236fde04a3820664cc23b2ea619", "size": 6540}, "sound3/step/snow4.ogg": {"hash": "e26fa3036cdab4c2264ceb19e1cd197a2a510227", "size": 6501}, "sound3/step/stone1.ogg": {"hash": "4a2e3795ffd4d3aab0834b7e41903af3a8f7d197", "size": 8012}, "sound3/step/stone2.ogg": {"hash": "22a383d9c22342305a4f16fec0bb479a885f8da2", "size": 7086}, "sound3/step/stone3.ogg": {"hash": "a533e7ae975e62592de868e0d0572778614bd587", "size": 6631}, "sound3/step/stone4.ogg": {"hash": "d5218034051a13322d7b5efc0b5a9af739615f04", "size": 7520}, "sound3/step/stone5.ogg": {"hash": "48dd05ab2e4626d74206c2b09a628a3d59ce15e9", "size": 7752}, "sound3/step/stone6.ogg": {"hash": "c4810a3de80cb57f9cdf8deaacfd36cb619cdf0b", "size": 8178}, "sound3/step/wood1.ogg": {"hash": "afb01196e2179e3b15b48f3373cea4c155d56b84", "size": 8985}, "sound3/step/wood2.ogg": {"hash": "1e82a43c30cf8fcbe05d0bc2760ecba5d2320314", "size": 9150}, "sound3/step/wood3.ogg": {"hash": "27722125968ac60c0f191a961b17e406f1351c6e", "size": 9368}, "sound3/step/wood4.ogg": {"hash": "29586f60bfe6f521dbc748919d4f0dc5b28beefd", "size": 9651}, "sound3/step/wood5.ogg": {"hash": "85ff970401cb1ef2e812f943077ab96549315d0a", "size": 11520}, "sound3/step/wood6.ogg": {"hash": "944bc8b8e1e135340dc4afc6d3416a01222674a1", "size": 9093}, "sound3/tile/piston/in.ogg": {"hash": "594be3eaea9a2b92095eeeb3b1e01e755dcb8ce2", "size": 5900}, "sound3/tile/piston/out.ogg": {"hash": "cb017131516de9359cb81fb991f5b3694044f8db", "size": 6059}, "streaming/11.mus": {"hash": "d5ce66b3787648036b29c504786bcc237cd316d3", "size": 591997}, "streaming/13.mus": {"hash": "c343dc04df647fb25bec35ee23dc973e7374dcf9", "size": 1071028}, "streaming/13.ogg": {"hash": "9cbed0e40296f68c61090c9b81816061e068a0ec", "size": 1071028}, "streaming/blocks.mus": {"hash": "eaf1d4879f3bf6f5f60ba01f475dc581c641b4ae", "size": 2587419}, "streaming/cat.mus": {"hash": "bea1c181fce1150f3aaea8f14a773394ccc253d2", "size": 1286636}, "streaming/cat.ogg": {"hash": "d1eb3d2e39bf1f6289cfcbca44e1c9bb508b20f0", "size": 1286636}, "streaming/chirp.mus": {"hash": "d639bf7f0516e5e363fe5db2aa150cedd38de19a", "size": 1379756}, "streaming/far.mus": {"hash": "21c9b7c6b486247322051f90aa964f161edc78d8", "size": 1285938}, "streaming/mall.mus": {"hash": "872d3d24452ff2155bb6be4a14c103e4451e6416", "size": 1430016}, "streaming/mellohi.mus": {"hash": "7c5b628070ce191762b972fc3a58d57bc10a628a", "size": 663709}, "streaming/stal.mus": {"hash": "a01e4caf7aaac61502a4a5e4f277b0de4795b802", "size": 1180789}, "streaming/strad.mus": {"hash": "bcadae10578ff321236f5670934f0b287eb80fbc", "size": 1558180}, "streaming/wait.mus": {"hash": "a96c409e8d54d95520cf6d2caa583b5667e2dc63", "size": 1845255}, "streaming/ward.mus": {"hash": "b245effde68d07ffe32a033b61e96f1ed7e28783", "size": 1987588}, "streaming/where are we now.mus": {"hash": "854ff331487394ba83ca273ff73de525fbefcb25", "size": 1845255}}}